view_id,parent_cohort,model,branch,l2_variant,metric,view_value,parent_value,delta_from_parent,n_endpoints,n_positive,n_completed_zero_candidates,n_missing_computations,mapping_sha256
pdac_rojas_sethna,pdac_full,full_hla,pr,endpoint_local_epitope_second_hla_hybrid_v1,average_precision,0.4355877291843868,0.23600864409030922,0.1995790850940776,76,23,0,0,8867cdc69e84101ae3115ff23218ca9455a9fb1e05471c5117a1e5e7727a4f4d
pdac_rojas_sethna,pdac_full,full_hla,pr,logmeanexp,average_precision,0.3931294667931254,0.18859968022929935,0.20452978656382603,76,23,0,0,8867cdc69e84101ae3115ff23218ca9455a9fb1e05471c5117a1e5e7727a4f4d
pdac_rojas_sethna,pdac_full,full_hla,pr,logsumexp,average_precision,0.3845560856299894,0.18565278710570604,0.19890329852428335,76,23,0,0,8867cdc69e84101ae3115ff23218ca9455a9fb1e05471c5117a1e5e7727a4f4d
pdac_rojas_sethna,pdac_full,full_hla,pr,max,average_precision,0.4260632733104009,0.2335690064525155,0.1924942668578854,76,23,0,0,8867cdc69e84101ae3115ff23218ca9455a9fb1e05471c5117a1e5e7727a4f4d
pdac_rojas_sethna,pdac_full,full_hla,pr,mean,average_precision,0.27251580634597256,0.16606569179377986,0.10645011455219269,76,23,0,0,8867cdc69e84101ae3115ff23218ca9455a9fb1e05471c5117a1e5e7727a4f4d
pdac_rojas_sethna,pdac_full,full_hla,pr,median,average_precision,0.30086557964918054,0.1481104384219226,0.15275514122725795,76,23,0,0,8867cdc69e84101ae3115ff23218ca9455a9fb1e05471c5117a1e5e7727a4f4d
pdac_rojas_sethna,pdac_full,full_hla,pr,top_frac_mean_frac0p01,average_precision,0.4260632733104009,0.214655857404545,0.2114074159058559,76,23,0,0,8867cdc69e84101ae3115ff23218ca9455a9fb1e05471c5117a1e5e7727a4f4d
pdac_rojas_sethna,pdac_full,full_hla,pr,top_frac_mean_frac0p02,average_precision,0.4260632733104009,0.1887380729337058,0.23732520037669508,76,23,0,0,8867cdc69e84101ae3115ff23218ca9455a9fb1e05471c5117a1e5e7727a4f4d
pdac_rojas_sethna,pdac_full,full_hla,pr,top_frac_mean_frac0p05,average_precision,0.4295135279349346,0.163311868472165,0.2662016594627696,76,23,0,0,8867cdc69e84101ae3115ff23218ca9455a9fb1e05471c5117a1e5e7727a4f4d
pdac_rojas_sethna,pdac_full,full_hla,pr,top_k_logsumexp_k10,average_precision,0.38648985063713776,0.18728972899822824,0.19920012163890952,76,23,0,0,8867cdc69e84101ae3115ff23218ca9455a9fb1e05471c5117a1e5e7727a4f4d
pdac_rojas_sethna,pdac_full,full_hla,pr,top_k_logsumexp_k2,average_precision,0.4602740348448325,0.2085442378619726,0.2517297969828599,76,23,0,0,8867cdc69e84101ae3115ff23218ca9455a9fb1e05471c5117a1e5e7727a4f4d
pdac_rojas_sethna,pdac_full,full_hla,pr,top_k_mean_k2,average_precision,0.4675902243585319,0.20191388629247384,0.26567633806605806,76,23,0,0,8867cdc69e84101ae3115ff23218ca9455a9fb1e05471c5117a1e5e7727a4f4d
pdac_rojas_sethna,pdac_full,full_hla,pr,top_k_mean_k3,average_precision,0.371609792908248,0.21296892517548172,0.1586408677327663,76,23,0,0,8867cdc69e84101ae3115ff23218ca9455a9fb1e05471c5117a1e5e7727a4f4d
pdac_rojas_sethna,pdac_full,full_hla,roc,endpoint_local_epitope_second_hla_hybrid_v1,roc_auc,0.6431501230516817,0.717610891523935,-0.07446076847225325,76,23,0,0,8867cdc69e84101ae3115ff23218ca9455a9fb1e05471c5117a1e5e7727a4f4d
pdac_rojas_sethna,pdac_full,full_hla,roc,logmeanexp,roc_auc,0.55701394585726,0.7119016249451032,-0.15488767908784318,76,23,0,0,8867cdc69e84101ae3115ff23218ca9455a9fb1e05471c5117a1e5e7727a4f4d
pdac_rojas_sethna,pdac_full,full_hla,roc,logsumexp,roc_auc,0.6226415094339622,0.7123407992973211,-0.08969928986335884,76,23,0,0,8867cdc69e84101ae3115ff23218ca9455a9fb1e05471c5117a1e5e7727a4f4d
pdac_rojas_sethna,pdac_full,full_hla,roc,max,roc_auc,0.6365873666940115,0.7147562582345192,-0.07816889154050766,76,23,0,0,8867cdc69e84101ae3115ff23218ca9455a9fb1e05471c5117a1e5e7727a4f4d
pdac_rojas_sethna,pdac_full,full_hla,roc,mean,roc_auc,0.4495488105004102,0.7092665788317962,-0.25971776833138605,76,23,0,0,8867cdc69e84101ae3115ff23218ca9455a9fb1e05471c5117a1e5e7727a4f4d
pdac_rojas_sethna,pdac_full,full_hla,roc,median,roc_auc,0.51681706316653,0.6611769872639438,-0.14435992409741383,76,23,0,0,8867cdc69e84101ae3115ff23218ca9455a9fb1e05471c5117a1e5e7727a4f4d
pdac_rojas_sethna,pdac_full,full_hla,roc,top_frac_mean_frac0p01,roc_auc,0.6365873666940115,0.7004830917874396,-0.06389572509342811,76,23,0,0,8867cdc69e84101ae3115ff23218ca9455a9fb1e05471c5117a1e5e7727a4f4d
pdac_rojas_sethna,pdac_full,full_hla,roc,top_frac_mean_frac0p02,roc_auc,0.6365873666940115,0.6895037329819939,-0.05291636628798235,76,23,0,0,8867cdc69e84101ae3115ff23218ca9455a9fb1e05471c5117a1e5e7727a4f4d
pdac_rojas_sethna,pdac_full,full_hla,roc,top_frac_mean_frac0p05,roc_auc,0.6242821985233798,0.6728151075977163,-0.048532909074336494,76,23,0,0,8867cdc69e84101ae3115ff23218ca9455a9fb1e05471c5117a1e5e7727a4f4d
pdac_rojas_sethna,pdac_full,full_hla,roc,top_k_logsumexp_k10,roc_auc,0.6226415094339622,0.7077294685990339,-0.08508795916507161,76,23,0,0,8867cdc69e84101ae3115ff23218ca9455a9fb1e05471c5117a1e5e7727a4f4d
pdac_rojas_sethna,pdac_full,full_hla,roc,top_k_logsumexp_k2,roc_auc,0.6505332239540607,0.7226613965744401,-0.0721281726203794,76,23,0,0,8867cdc69e84101ae3115ff23218ca9455a9fb1e05471c5117a1e5e7727a4f4d
pdac_rojas_sethna,pdac_full,full_hla,roc,top_k_mean_k2,roc_auc,0.6595570139458573,0.7136583223539745,-0.05410130840811722,76,23,0,0,8867cdc69e84101ae3115ff23218ca9455a9fb1e05471c5117a1e5e7727a4f4d
pdac_rojas_sethna,pdac_full,full_hla,roc,top_k_mean_k3,roc_auc,0.6078753076292043,0.7059727711901624,-0.09809746356095816,76,23,0,0,8867cdc69e84101ae3115ff23218ca9455a9fb1e05471c5117a1e5e7727a4f4d
pdac_rojas_sethna,pdac_full,focal_hla,pr,endpoint_local_epitope_second_hla_hybrid_v1,average_precision,0.4183526338965958,0.23790587921621267,0.18044675468038315,76,23,0,0,8867cdc69e84101ae3115ff23218ca9455a9fb1e05471c5117a1e5e7727a4f4d
pdac_rojas_sethna,pdac_full,focal_hla,pr,logmeanexp,average_precision,0.41592252294975907,0.19821240361515596,0.2177101193346031,76,23,0,0,8867cdc69e84101ae3115ff23218ca9455a9fb1e05471c5117a1e5e7727a4f4d
pdac_rojas_sethna,pdac_full,focal_hla,pr,logsumexp,average_precision,0.3981358731073486,0.18593731747305184,0.21219855563429676,76,23,0,0,8867cdc69e84101ae3115ff23218ca9455a9fb1e05471c5117a1e5e7727a4f4d
pdac_rojas_sethna,pdac_full,focal_hla,pr,max,average_precision,0.41724240146028185,0.2351398722287199,0.18210252923156195,76,23,0,0,8867cdc69e84101ae3115ff23218ca9455a9fb1e05471c5117a1e5e7727a4f4d
pdac_rojas_sethna,pdac_full,focal_hla,pr,mean,average_precision,0.32164230441498476,0.15979380320730624,0.16184850120767852,76,23,0,0,8867cdc69e84101ae3115ff23218ca9455a9fb1e05471c5117a1e5e7727a4f4d
pdac_rojas_sethna,pdac_full,focal_hla,pr,median,average_precision,0.352690375135922,0.1991764061594684,0.15351396897645359,76,23,0,0,8867cdc69e84101ae3115ff23218ca9455a9fb1e05471c5117a1e5e7727a4f4d
pdac_rojas_sethna,pdac_full,focal_hla,pr,top_frac_mean_frac0p01,average_precision,0.41724240146028185,0.22132150821019228,0.19592089325008957,76,23,0,0,8867cdc69e84101ae3115ff23218ca9455a9fb1e05471c5117a1e5e7727a4f4d
pdac_rojas_sethna,pdac_full,focal_hla,pr,top_frac_mean_frac0p02,average_precision,0.41724240146028185,0.17517085128011356,0.2420715501801683,76,23,0,0,8867cdc69e84101ae3115ff23218ca9455a9fb1e05471c5117a1e5e7727a4f4d
pdac_rojas_sethna,pdac_full,focal_hla,pr,top_frac_mean_frac0p05,average_precision,0.416266413695973,0.16665306427133522,0.24961334942463778,76,23,0,0,8867cdc69e84101ae3115ff23218ca9455a9fb1e05471c5117a1e5e7727a4f4d
pdac_rojas_sethna,pdac_full,focal_hla,pr,top_k_logsumexp_k10,average_precision,0.39782035597476834,0.18827576443954241,0.20954459153522592,76,23,0,0,8867cdc69e84101ae3115ff23218ca9455a9fb1e05471c5117a1e5e7727a4f4d
pdac_rojas_sethna,pdac_full,focal_hla,pr,top_k_logsumexp_k2,average_precision,0.4552139787841236,0.21102804088589164,0.24418593789823198,76,23,0,0,8867cdc69e84101ae3115ff23218ca9455a9fb1e05471c5117a1e5e7727a4f4d
pdac_rojas_sethna,pdac_full,focal_hla,pr,top_k_mean_k2,average_precision,0.4658380130816456,0.20336172860350313,0.2624762844781424,76,23,0,0,8867cdc69e84101ae3115ff23218ca9455a9fb1e05471c5117a1e5e7727a4f4d
pdac_rojas_sethna,pdac_full,focal_hla,pr,top_k_mean_k3,average_precision,0.39161518745863316,0.2133693679610739,0.17824581949755927,76,23,0,0,8867cdc69e84101ae3115ff23218ca9455a9fb1e05471c5117a1e5e7727a4f4d
pdac_rojas_sethna,pdac_full,focal_hla,roc,endpoint_local_epitope_second_hla_hybrid_v1,roc_auc,0.623461853978671,0.7079490557751428,-0.08448720179647173,76,23,0,0,8867cdc69e84101ae3115ff23218ca9455a9fb1e05471c5117a1e5e7727a4f4d
pdac_rojas_sethna,pdac_full,focal_hla,roc,logmeanexp,roc_auc,0.5849056603773585,0.7009222661396575,-0.116016605762299,76,23,0,0,8867cdc69e84101ae3115ff23218ca9455a9fb1e05471c5117a1e5e7727a4f4d
pdac_rojas_sethna,pdac_full,focal_hla,roc,logsumexp,roc_auc,0.6324856439704676,0.7024593763724198,-0.06997373240195226,76,23,0,0,8867cdc69e84101ae3115ff23218ca9455a9fb1e05471c5117a1e5e7727a4f4d
pdac_rojas_sethna,pdac_full,focal_hla,roc,max,roc_auc,0.6201804757998359,0.7035573122529645,-0.08337683645312854,76,23,0,0,8867cdc69e84101ae3115ff23218ca9455a9fb1e05471c5117a1e5e7727a4f4d
pdac_rojas_sethna,pdac_full,focal_hla,roc,mean,roc_auc,0.5438884331419196,0.6903820816864296,-0.14649364854450997,76,23,0,0,8867cdc69e84101ae3115ff23218ca9455a9fb1e05471c5117a1e5e7727a4f4d
pdac_rojas_sethna,pdac_full,focal_hla,roc,median,roc_auc,0.5430680885972108,0.7244180939833114,-0.18135000538610058,76,23,0,0,8867cdc69e84101ae3115ff23218ca9455a9fb1e05471c5117a1e5e7727a4f4d
pdac_rojas_sethna,pdac_full,focal_hla,roc,top_frac_mean_frac0p01,roc_auc,0.6201804757998359,0.6998243302591128,-0.07964385445927691,76,23,0,0,8867cdc69e84101ae3115ff23218ca9455a9fb1e05471c5117a1e5e7727a4f4d
pdac_rojas_sethna,pdac_full,focal_hla,roc,top_frac_mean_frac0p02,roc_auc,0.6201804757998359,0.6728151075977163,-0.052634631797880416,76,23,0,0,8867cdc69e84101ae3115ff23218ca9455a9fb1e05471c5117a1e5e7727a4f4d
pdac_rojas_sethna,pdac_full,focal_hla,roc,top_frac_mean_frac0p05,roc_auc,0.6021328958162429,0.678963548528766,-0.0768306527125231,76,23,0,0,8867cdc69e84101ae3115ff23218ca9455a9fb1e05471c5117a1e5e7727a4f4d
pdac_rojas_sethna,pdac_full,focal_hla,roc,top_k_logsumexp_k10,roc_auc,0.6316652994257588,0.6982872200263505,-0.06662192060059169,76,23,0,0,8867cdc69e84101ae3115ff23218ca9455a9fb1e05471c5117a1e5e7727a4f4d
pdac_rojas_sethna,pdac_full,focal_hla,roc,top_k_logsumexp_k2,roc_auc,0.6480721903199343,0.7070707070707071,-0.05899851675077272,76,23,0,0,8867cdc69e84101ae3115ff23218ca9455a9fb1e05471c5117a1e5e7727a4f4d
pdac_rojas_sethna,pdac_full,focal_hla,roc,top_k_mean_k2,roc_auc,0.6751435602953241,0.7007026789635485,-0.025559118668224468,76,23,0,0,8867cdc69e84101ae3115ff23218ca9455a9fb1e05471c5117a1e5e7727a4f4d
pdac_rojas_sethna,pdac_full,focal_hla,roc,top_k_mean_k3,roc_auc,0.6357670221493027,0.7026789635485288,-0.06691194139922607,76,23,0,0,8867cdc69e84101ae3115ff23218ca9455a9fb1e05471c5117a1e5e7727a4f4d
pdac_rojas_sethna,pdac_full,old_monoallelic,pr,endpoint_local_epitope_second_hla_hybrid_v1,average_precision,0.3631839169502981,0.18946922453492754,0.17371469241537058,76,23,0,0,6db46a20128d56e1b7f67bc1da11979c1973c393a00a39ecd845635c0e52994a
pdac_rojas_sethna,pdac_full,old_monoallelic,pr,logmeanexp,average_precision,0.3047203519823041,0.16600822652620734,0.1387121254560968,76,23,0,0,6db46a20128d56e1b7f67bc1da11979c1973c393a00a39ecd845635c0e52994a
pdac_rojas_sethna,pdac_full,old_monoallelic,pr,logsumexp,average_precision,0.32673483795286273,0.15476373596699375,0.17197110198586898,76,23,0,0,6db46a20128d56e1b7f67bc1da11979c1973c393a00a39ecd845635c0e52994a
pdac_rojas_sethna,pdac_full,old_monoallelic,pr,max,average_precision,0.3614460052957694,0.18946922453492754,0.17197678076084189,76,23,0,0,6db46a20128d56e1b7f67bc1da11979c1973c393a00a39ecd845635c0e52994a
pdac_rojas_sethna,pdac_full,old_monoallelic,pr,mean,average_precision,0.3225019455967263,0.17300606031949006,0.14949588527723623,76,23,0,0,6db46a20128d56e1b7f67bc1da11979c1973c393a00a39ecd845635c0e52994a
pdac_rojas_sethna,pdac_full,old_monoallelic,pr,median,average_precision,0.31826954612216496,0.18485523999378656,0.1334143061283784,76,23,0,0,6db46a20128d56e1b7f67bc1da11979c1973c393a00a39ecd845635c0e52994a
pdac_rojas_sethna,pdac_full,old_monoallelic,pr,top_frac_mean_frac0p01,average_precision,0.3614460052957694,0.17405109964865517,0.18739490564711425,76,23,0,0,6db46a20128d56e1b7f67bc1da11979c1973c393a00a39ecd845635c0e52994a
pdac_rojas_sethna,pdac_full,old_monoallelic,pr,top_frac_mean_frac0p02,average_precision,0.3614460052957694,0.19157071481782953,0.1698752904779399,76,23,0,0,6db46a20128d56e1b7f67bc1da11979c1973c393a00a39ecd845635c0e52994a
pdac_rojas_sethna,pdac_full,old_monoallelic,pr,top_frac_mean_frac0p05,average_precision,0.37798448918110983,0.16138118413383562,0.2166033050472742,76,23,0,0,6db46a20128d56e1b7f67bc1da11979c1973c393a00a39ecd845635c0e52994a
pdac_rojas_sethna,pdac_full,old_monoallelic,pr,top_k_logsumexp_k10,average_precision,0.32732365248185563,0.15526672510135756,0.17205692738049808,76,23,0,0,6db46a20128d56e1b7f67bc1da11979c1973c393a00a39ecd845635c0e52994a
pdac_rojas_sethna,pdac_full,old_monoallelic,pr,top_k_logsumexp_k2,average_precision,0.374481792816333,0.1581787182058781,0.2163030746104549,76,23,0,0,6db46a20128d56e1b7f67bc1da11979c1973c393a00a39ecd845635c0e52994a
pdac_rojas_sethna,pdac_full,old_monoallelic,pr,top_k_mean_k2,average_precision,0.37633771493721857,0.15788658960276192,0.21845112533445665,76,23,0,0,6db46a20128d56e1b7f67bc1da11979c1973c393a00a39ecd845635c0e52994a
pdac_rojas_sethna,pdac_full,old_monoallelic,pr,top_k_mean_k3,average_precision,0.3410485325334251,0.17280900860161447,0.16823952393181063,76,23,0,0,6db46a20128d56e1b7f67bc1da11979c1973c393a00a39ecd845635c0e52994a
pdac_rojas_sethna,pdac_full,old_monoallelic,roc,endpoint_local_epitope_second_hla_hybrid_v1,roc_auc,0.5840853158326497,0.6690821256038647,-0.08499680977121504,76,23,0,0,6db46a20128d56e1b7f67bc1da11979c1973c393a00a39ecd845635c0e52994a
pdac_rojas_sethna,pdac_full,old_monoallelic,roc,logmeanexp,roc_auc,0.4831829368334701,0.6796223100570926,-0.19643937322362254,76,23,0,0,6db46a20128d56e1b7f67bc1da11979c1973c393a00a39ecd845635c0e52994a
pdac_rojas_sethna,pdac_full,old_monoallelic,roc,logsumexp,roc_auc,0.5586546349466776,0.6778656126482213,-0.11921097770154376,76,23,0,0,6db46a20128d56e1b7f67bc1da11979c1973c393a00a39ecd845635c0e52994a
pdac_rojas_sethna,pdac_full,old_monoallelic,roc,max,roc_auc,0.5775225594749795,0.6690821256038647,-0.09155956612888516,76,23,0,0,6db46a20128d56e1b7f67bc1da11979c1973c393a00a39ecd845635c0e52994a
pdac_rojas_sethna,pdac_full,old_monoallelic,roc,mean,roc_auc,0.5406070549630845,0.7083882301273605,-0.16778117516427604,76,23,0,0,6db46a20128d56e1b7f67bc1da11979c1973c393a00a39ecd845635c0e52994a
pdac_rojas_sethna,pdac_full,old_monoallelic,roc,median,roc_auc,0.5086136177194421,0.7261747913921827,-0.21756117367274053,76,23,0,0,6db46a20128d56e1b7f67bc1da11979c1973c393a00a39ecd845635c0e52994a
pdac_rojas_sethna,pdac_full,old_monoallelic,roc,top_frac_mean_frac0p01,roc_auc,0.5775225594749795,0.665788317962231,-0.08826575848725149,76,23,0,0,6db46a20128d56e1b7f67bc1da11979c1973c393a00a39ecd845635c0e52994a
pdac_rojas_sethna,pdac_full,old_monoallelic,roc,top_frac_mean_frac0p02,roc_auc,0.5775225594749795,0.6651295564339043,-0.08760699695892471,76,23,0,0,6db46a20128d56e1b7f67bc1da11979c1973c393a00a39ecd845635c0e52994a
pdac_rojas_sethna,pdac_full,old_monoallelic,roc,top_frac_mean_frac0p05,roc_auc,0.5775225594749795,0.6635924462011419,-0.08606988672616234,76,23,0,0,6db46a20128d56e1b7f67bc1da11979c1973c393a00a39ecd845635c0e52994a
pdac_rojas_sethna,pdac_full,old_monoallelic,roc,top_k_logsumexp_k10,roc_auc,0.5545529122231337,0.6609574000878349,-0.10640448786470114,76,23,0,0,6db46a20128d56e1b7f67bc1da11979c1973c393a00a39ecd845635c0e52994a
pdac_rojas_sethna,pdac_full,old_monoallelic,roc,top_k_logsumexp_k2,roc_auc,0.6045939294503692,0.6570048309178744,-0.052410901467505266,76,23,0,0,6db46a20128d56e1b7f67bc1da11979c1973c393a00a39ecd845635c0e52994a
pdac_rojas_sethna,pdac_full,old_monoallelic,roc,top_k_mean_k2,roc_auc,0.601312551271534,0.650197628458498,-0.048885077186964,76,23,0,0,6db46a20128d56e1b7f67bc1da11979c1973c393a00a39ecd845635c0e52994a
pdac_rojas_sethna,pdac_full,old_monoallelic,roc,top_k_mean_k3,roc_auc,0.5676784249384742,0.6723759332454985,-0.10469750830702429,76,23,0,0,6db46a20128d56e1b7f67bc1da11979c1973c393a00a39ecd845635c0e52994a
pdac_rojas_sethna,pdac_full,mono_q_full_pn,pr,endpoint_local_epitope_second_hla_hybrid_v1,average_precision,0.4200465553585502,0.2378874435797605,0.18215911177878968,76,23,0,0,8867cdc69e84101ae3115ff23218ca9455a9fb1e05471c5117a1e5e7727a4f4d
pdac_rojas_sethna,pdac_full,mono_q_full_pn,pr,logmeanexp,average_precision,0.368924366463571,0.16381121930367784,0.20511314715989318,76,23,0,0,8867cdc69e84101ae3115ff23218ca9455a9fb1e05471c5117a1e5e7727a4f4d
pdac_rojas_sethna,pdac_full,mono_q_full_pn,pr,logsumexp,average_precision,0.3341584986863118,0.15202296251691305,0.18213553616939876,76,23,0,0,8867cdc69e84101ae3115ff23218ca9455a9fb1e05471c5117a1e5e7727a4f4d
pdac_rojas_sethna,pdac_full,mono_q_full_pn,pr,max,average_precision,0.419660678453283,0.2378874435797605,0.18177323487352248,76,23,0,0,8867cdc69e84101ae3115ff23218ca9455a9fb1e05471c5117a1e5e7727a4f4d
pdac_rojas_sethna,pdac_full,mono_q_full_pn,pr,mean,average_precision,0.2827223267988649,0.17347642428474724,0.10924590251411764,76,23,0,0,8867cdc69e84101ae3115ff23218ca9455a9fb1e05471c5117a1e5e7727a4f4d
pdac_rojas_sethna,pdac_full,mono_q_full_pn,pr,median,average_precision,0.28407571384875435,0.13733302559191746,0.1467426882568369,76,23,0,0,8867cdc69e84101ae3115ff23218ca9455a9fb1e05471c5117a1e5e7727a4f4d
pdac_rojas_sethna,pdac_full,mono_q_full_pn,pr,top_frac_mean_frac0p01,average_precision,0.419660678453283,0.21231263394482186,0.20734804450846112,76,23,0,0,8867cdc69e84101ae3115ff23218ca9455a9fb1e05471c5117a1e5e7727a4f4d
pdac_rojas_sethna,pdac_full,mono_q_full_pn,pr,top_frac_mean_frac0p02,average_precision,0.419660678453283,0.20224886711473974,0.21741181133854323,76,23,0,0,8867cdc69e84101ae3115ff23218ca9455a9fb1e05471c5117a1e5e7727a4f4d
pdac_rojas_sethna,pdac_full,mono_q_full_pn,pr,top_frac_mean_frac0p05,average_precision,0.42397622485050585,0.16024472033341036,0.2637315045170955,76,23,0,0,8867cdc69e84101ae3115ff23218ca9455a9fb1e05471c5117a1e5e7727a4f4d
pdac_rojas_sethna,pdac_full,mono_q_full_pn,pr,top_k_logsumexp_k10,average_precision,0.3298595163327517,0.1602235689650893,0.16963594736766238,76,23,0,0,8867cdc69e84101ae3115ff23218ca9455a9fb1e05471c5117a1e5e7727a4f4d
pdac_rojas_sethna,pdac_full,mono_q_full_pn,pr,top_k_logsumexp_k2,average_precision,0.41030616360941663,0.1939200710392807,0.21638609257013594,76,23,0,0,8867cdc69e84101ae3115ff23218ca9455a9fb1e05471c5117a1e5e7727a4f4d
pdac_rojas_sethna,pdac_full,mono_q_full_pn,pr,top_k_mean_k2,average_precision,0.4055468690882356,0.1969078894483406,0.20863897963989503,76,23,0,0,8867cdc69e84101ae3115ff23218ca9455a9fb1e05471c5117a1e5e7727a4f4d
pdac_rojas_sethna,pdac_full,mono_q_full_pn,pr,top_k_mean_k3,average_precision,0.3603404706464208,0.20627754796448636,0.15406292268193442,76,23,0,0,8867cdc69e84101ae3115ff23218ca9455a9fb1e05471c5117a1e5e7727a4f4d
pdac_rojas_sethna,pdac_full,mono_q_full_pn,roc,endpoint_local_epitope_second_hla_hybrid_v1,roc_auc,0.6177194421657096,0.7189284145805885,-0.10120897241487892,76,23,0,0,8867cdc69e84101ae3115ff23218ca9455a9fb1e05471c5117a1e5e7727a4f4d
pdac_rojas_sethna,pdac_full,mono_q_full_pn,roc,logmeanexp,roc_auc,0.4716981132075472,0.6752305665349143,-0.20353245332736714,76,23,0,0,8867cdc69e84101ae3115ff23218ca9455a9fb1e05471c5117a1e5e7727a4f4d
pdac_rojas_sethna,pdac_full,mono_q_full_pn,roc,logsumexp,roc_auc,0.5676784249384742,0.6745718050065876,-0.10689338006811344,76,23,0,0,8867cdc69e84101ae3115ff23218ca9455a9fb1e05471c5117a1e5e7727a4f4d
pdac_rojas_sethna,pdac_full,mono_q_full_pn,roc,max,roc_auc,0.616078753076292,0.7189284145805885,-0.10284966150429653,76,23,0,0,8867cdc69e84101ae3115ff23218ca9455a9fb1e05471c5117a1e5e7727a4f4d
pdac_rojas_sethna,pdac_full,mono_q_full_pn,roc,mean,roc_auc,0.4741591468416735,0.7270531400966184,-0.2528939932549449,76,23,0,0,8867cdc69e84101ae3115ff23218ca9455a9fb1e05471c5117a1e5e7727a4f4d
pdac_rojas_sethna,pdac_full,mono_q_full_pn,roc,median,roc_auc,0.48482362592288764,0.6332894158981115,-0.14846578997522386,76,23,0,0,8867cdc69e84101ae3115ff23218ca9455a9fb1e05471c5117a1e5e7727a4f4d
pdac_rojas_sethna,pdac_full,mono_q_full_pn,roc,top_frac_mean_frac0p01,roc_auc,0.616078753076292,0.6910408432147562,-0.07496209013846422,76,23,0,0,8867cdc69e84101ae3115ff23218ca9455a9fb1e05471c5117a1e5e7727a4f4d
pdac_rojas_sethna,pdac_full,mono_q_full_pn,roc,top_frac_mean_frac0p02,roc_auc,0.616078753076292,0.6688625384277558,-0.052783785351463774,76,23,0,0,8867cdc69e84101ae3115ff23218ca9455a9fb1e05471c5117a1e5e7727a4f4d
pdac_rojas_sethna,pdac_full,mono_q_full_pn,roc,top_frac_mean_frac0p05,roc_auc,0.5931091058244463,0.6537110232762406,-0.06060191745179433,76,23,0,0,8867cdc69e84101ae3115ff23218ca9455a9fb1e05471c5117a1e5e7727a4f4d
pdac_rojas_sethna,pdac_full,mono_q_full_pn,roc,top_k_logsumexp_k10,roc_auc,0.5578342904019689,0.66600790513834,-0.1081736147363711,76,23,0,0,8867cdc69e84101ae3115ff23218ca9455a9fb1e05471c5117a1e5e7727a4f4d
pdac_rojas_sethna,pdac_full,mono_q_full_pn,roc,top_k_logsumexp_k2,roc_auc,0.6119770303527482,0.6947738252086079,-0.08279679485585967,76,23,0,0,8867cdc69e84101ae3115ff23218ca9455a9fb1e05471c5117a1e5e7727a4f4d
pdac_rojas_sethna,pdac_full,mono_q_full_pn,roc,top_k_mean_k2,roc_auc,0.6127973748974569,0.6892841458058849,-0.07648677090842804,76,23,0,0,8867cdc69e84101ae3115ff23218ca9455a9fb1e05471c5117a1e5e7727a4f4d
pdac_rojas_sethna,pdac_full,mono_q_full_pn,roc,top_k_mean_k3,roc_auc,0.5824446267432322,0.691699604743083,-0.10925497799985084,76,23,0,0,8867cdc69e84101ae3115ff23218ca9455a9fb1e05471c5117a1e5e7727a4f4d
pdac_rojas_sethna,pdac_full,full_q_mono_pn,pr,endpoint_local_epitope_second_hla_hybrid_v1,average_precision,0.40469108161163253,0.21813956227416464,0.18655151933746789,76,23,0,0,6db46a20128d56e1b7f67bc1da11979c1973c393a00a39ecd845635c0e52994a
pdac_rojas_sethna,pdac_full,full_q_mono_pn,pr,logmeanexp,average_precision,0.38008034809392394,0.1774200204211979,0.20266032767272604,76,23,0,0,6db46a20128d56e1b7f67bc1da11979c1973c393a00a39ecd845635c0e52994a
pdac_rojas_sethna,pdac_full,full_q_mono_pn,pr,logsumexp,average_precision,0.37937404306198824,0.17788542040714117,0.20148862265484707,76,23,0,0,6db46a20128d56e1b7f67bc1da11979c1973c393a00a39ecd845635c0e52994a
pdac_rojas_sethna,pdac_full,full_q_mono_pn,pr,max,average_precision,0.399775929630775,0.2164696503622094,0.18330627926856563,76,23,0,0,6db46a20128d56e1b7f67bc1da11979c1973c393a00a39ecd845635c0e52994a
pdac_rojas_sethna,pdac_full,full_q_mono_pn,pr,mean,average_precision,0.30650238358126797,0.15278804888387124,0.15371433469739673,76,23,0,0,6db46a20128d56e1b7f67bc1da11979c1973c393a00a39ecd845635c0e52994a
pdac_rojas_sethna,pdac_full,full_q_mono_pn,pr,median,average_precision,0.3054630260305285,0.16687124264527725,0.13859178338525124,76,23,0,0,6db46a20128d56e1b7f67bc1da11979c1973c393a00a39ecd845635c0e52994a
pdac_rojas_sethna,pdac_full,full_q_mono_pn,pr,top_frac_mean_frac0p01,average_precision,0.399775929630775,0.1943306955729633,0.2054452340578117,76,23,0,0,6db46a20128d56e1b7f67bc1da11979c1973c393a00a39ecd845635c0e52994a
pdac_rojas_sethna,pdac_full,full_q_mono_pn,pr,top_frac_mean_frac0p02,average_precision,0.399775929630775,0.1737682300428682,0.2260076995879068,76,23,0,0,6db46a20128d56e1b7f67bc1da11979c1973c393a00a39ecd845635c0e52994a
pdac_rojas_sethna,pdac_full,full_q_mono_pn,pr,top_frac_mean_frac0p05,average_precision,0.40480101365347654,0.16601452607620895,0.2387864875772676,76,23,0,0,6db46a20128d56e1b7f67bc1da11979c1973c393a00a39ecd845635c0e52994a
pdac_rojas_sethna,pdac_full,full_q_mono_pn,pr,top_k_logsumexp_k10,average_precision,0.38502671911630554,0.17975899728776973,0.2052677218285358,76,23,0,0,6db46a20128d56e1b7f67bc1da11979c1973c393a00a39ecd845635c0e52994a
pdac_rojas_sethna,pdac_full,full_q_mono_pn,pr,top_k_logsumexp_k2,average_precision,0.4450217019413397,0.18369796293129947,0.26132373901004025,76,23,0,0,6db46a20128d56e1b7f67bc1da11979c1973c393a00a39ecd845635c0e52994a
pdac_rojas_sethna,pdac_full,full_q_mono_pn,pr,top_k_mean_k2,average_precision,0.45374633128858927,0.17344081943337555,0.2803055118552137,76,23,0,0,6db46a20128d56e1b7f67bc1da11979c1973c393a00a39ecd845635c0e52994a
pdac_rojas_sethna,pdac_full,full_q_mono_pn,pr,top_k_mean_k3,average_precision,0.37926961001222825,0.1944036065614845,0.18486600345074375,76,23,0,0,6db46a20128d56e1b7f67bc1da11979c1973c393a00a39ecd845635c0e52994a
pdac_rojas_sethna,pdac_full,full_q_mono_pn,roc,endpoint_local_epitope_second_hla_hybrid_v1,roc_auc,0.616078753076292,0.6886253842775582,-0.07254663120126614,76,23,0,0,6db46a20128d56e1b7f67bc1da11979c1973c393a00a39ecd845635c0e52994a
pdac_rojas_sethna,pdac_full,full_q_mono_pn,roc,logmeanexp,roc_auc,0.5340442986054142,0.6886253842775582,-0.1545810856721439,76,23,0,0,6db46a20128d56e1b7f67bc1da11979c1973c393a00a39ecd845635c0e52994a
pdac_rojas_sethna,pdac_full,full_q_mono_pn,roc,logsumexp,roc_auc,0.5963904840032814,0.6927975406236275,-0.0964070566203461,76,23,0,0,6db46a20128d56e1b7f67bc1da11979c1973c393a00a39ecd845635c0e52994a
pdac_rojas_sethna,pdac_full,full_q_mono_pn,roc,max,roc_auc,0.6103363412633306,0.6870882740447958,-0.07675193278146519,76,23,0,0,6db46a20128d56e1b7f67bc1da11979c1973c393a00a39ecd845635c0e52994a
pdac_rojas_sethna,pdac_full,full_q_mono_pn,roc,mean,roc_auc,0.5291222313371616,0.6802810715854194,-0.15115884024825776,76,23,0,0,6db46a20128d56e1b7f67bc1da11979c1973c393a00a39ecd845635c0e52994a
pdac_rojas_sethna,pdac_full,full_q_mono_pn,roc,median,roc_auc,0.5258408531583265,0.6912604303908652,-0.16541957723253864,76,23,0,0,6db46a20128d56e1b7f67bc1da11979c1973c393a00a39ecd845635c0e52994a
pdac_rojas_sethna,pdac_full,full_q_mono_pn,roc,top_frac_mean_frac0p01,roc_auc,0.6103363412633306,0.6673254281949934,-0.056989086931662825,76,23,0,0,6db46a20128d56e1b7f67bc1da11979c1973c393a00a39ecd845635c0e52994a
pdac_rojas_sethna,pdac_full,full_q_mono_pn,roc,top_frac_mean_frac0p02,roc_auc,0.6103363412633306,0.6627140974967062,-0.052377756233375594,76,23,0,0,6db46a20128d56e1b7f67bc1da11979c1973c393a00a39ecd845635c0e52994a
pdac_rojas_sethna,pdac_full,full_q_mono_pn,roc,top_frac_mean_frac0p05,roc_auc,0.6070549630844955,0.6693017127799736,-0.062246749695478165,76,23,0,0,6db46a20128d56e1b7f67bc1da11979c1973c393a00a39ecd845635c0e52994a
pdac_rojas_sethna,pdac_full,full_q_mono_pn,roc,top_k_logsumexp_k10,roc_auc,0.5972108285479901,0.6855511638120334,-0.08834033526404328,76,23,0,0,6db46a20128d56e1b7f67bc1da11979c1973c393a00a39ecd845635c0e52994a
pdac_rojas_sethna,pdac_full,full_q_mono_pn,roc,top_k_logsumexp_k2,roc_auc,0.6406890894175554,0.6884057971014492,-0.0477167076838938,76,23,0,0,6db46a20128d56e1b7f67bc1da11979c1973c393a00a39ecd845635c0e52994a
pdac_rojas_sethna,pdac_full,full_q_mono_pn,roc,top_k_mean_k2,roc_auc,0.6357670221493027,0.6714975845410628,-0.03573056239176009,76,23,0,0,6db46a20128d56e1b7f67bc1da11979c1973c393a00a39ecd845635c0e52994a
pdac_rojas_sethna,pdac_full,full_q_mono_pn,roc,top_k_mean_k3,roc_auc,0.6037735849056604,0.6732542819499341,-0.06948069704427373,76,23,0,0,6db46a20128d56e1b7f67bc1da11979c1973c393a00a39ecd845635c0e52994a
