empirical_metric_high,empirical_metric_low,evaluation_id,match_id,observed_difference_high_over_low,observed_difference_low_over_high,system_high,system_low
0.5497440225852304,0.581357594024318,nci,000d48a314e8e32ab213a0d10e89b68ca68b2e98502ff4ddba2e8abe993b2f32,-0.033906882125810056,0.015430760690443385,old_monoallelic__pr__regime_2631,old_monoallelic__pr__regime_2450
0.5747171921168748,0.5520020420228191,nci,029b454ec710e65abf2876d6e01d9188b997fe948f2323c6131fd28cb7eea609,0.011704298410610605,-0.02409221339642631,old_monoallelic__pr__regime_2460,old_monoallelic__pr__regime_1230
0.5812881421959775,0.5700422855600279,nci,02dcbdbd1e31af4aa3e6c81f218e6768556b87cf6181b4fef7a972eb47d8b418,0.0030556224736259796,-0.012534696796510867,old_monoallelic__pr__regime_2625,old_monoallelic__pr__regime_1050
0.5808811346860947,0.5879502716985857,nci,037ca6f9336459fa7cd5918ef9f3ad7a6daca67b6c29fab61ca5e13dbb552526,-0.01348832570982561,-0.006238173015376575,old_monoallelic__pr__regime_2630,old_monoallelic__pr__regime_1925
0.5598665799366508,0.5812881421959775,nci,0395b9528aaf4f4b175e06fb7eb9ced763f21ddd9a2b61b8244480b6395c2bdc,-0.02346510052931461,0.010888194832402748,old_monoallelic__pr__regime_525,old_monoallelic__pr__regime_2625
0.5879502716985857,0.5520020420228191,nci,06cbf6c63266f708d4d991d02a5d27a84cbeeb04cd9b2f283e77ee0c10861f55,0.013901337386750146,-0.04168861201603902,old_monoallelic__pr__regime_1925,old_monoallelic__pr__regime_1230
0.5720109959636548,0.581357594024318,nci,0725997fb55dfc24db6c48e9eae54154a6ebe9d00da3513baaec0a50626dd7c3,-0.0317518778668715,-0.025680052006153725,old_monoallelic__pr__regime_2635,old_monoallelic__pr__regime_2450
0.5879502716985857,0.5692908106779003,nci,07579e50b2a90e0b96f461c9940fcd087bc3fec5d51fcd0959a0b9e75b8f4247,0.0065761202613446035,-0.022412947409813366,old_monoallelic__pr__regime_1925,old_monoallelic__pr__regime_1755
0.5501136912934553,0.5700422855600279,nci,0e6f5f3ade65b70a08cb3fd5310c2fb7d2b92b891b615fd79812b481711779b0,-0.02357475279173371,0.006309436995047379,old_monoallelic__pr__regime_1575,old_monoallelic__pr__regime_1050
0.5497440225852304,0.5808811346860947,nci,0f1580f444f52079d680c4c82e0f4c13dd50136d65c0ae424373a54c415f592e,-0.040555568443599255,0.009476438934616582,old_monoallelic__pr__regime_2631,old_monoallelic__pr__regime_2630
0.5822034560932577,0.581357594024318,nci,10db5b3ac4cbccc46dad3921e3b5055d697502fe76282dd4dddfe4677f457c02,-0.009006218139542943,-0.01004604237765494,old_monoallelic__pr__regime_2455,old_monoallelic__pr__regime_2450
0.581357594024318,0.5846187036801078,nci,11994211a609d7115a7cbbe099d2c479462b0cd13f2e3f5210d3ab223ecf5ae4,-0.014640385965797724,-0.005397350095321829,old_monoallelic__pr__regime_2450,old_monoallelic__pr__regime_1225
0.581357594024318,0.5879502716985857,nci,12e553f7e123059a28d30522e0a36978a3ad5d7f8acde7042c4d897e51860dff,-0.014014494579802084,-0.0015008157009708256,old_monoallelic__pr__regime_2450,old_monoallelic__pr__regime_1925
0.5720109959636548,0.5520020420228191,nci,13180711d474afe1053ba5267d5ebb28190defe80c6419e2baffbc249605f6ae,0.005113716648101674,-0.02790223903523481,old_monoallelic__pr__regime_2635,old_monoallelic__pr__regime_1230
0.5545854881879572,0.5700422855600279,nci,135d490ebffedb29dc635c04a679921803d251fb66eb5379dbd7d54348079558,-0.02458019054343724,0.0011733585344285702,old_monoallelic__pr__regime_2626,old_monoallelic__pr__regime_1050
0.5808811346860947,0.5700422855600279,nci,13c820312f9b9c9b71acec40deb33d9c56c8e8fbc1f5d0199073bc745e321a80,-0.003077706851858819,-0.018188480669899643,old_monoallelic__pr__regime_2630,old_monoallelic__pr__regime_1050
0.5747171921168748,0.554786523687421,nci,13e323dad75a4d424ae1fbaeb4b62cdc91b054b2e0bc5f69b6b1cb080de80426,-0.011892137473948017,-0.03344992760173349,old_monoallelic__pr__regime_2460,old_monoallelic__pr__regime_2275
0.5545854881879572,0.5812881421959775,nci,150bb60a1756e5c5f76859a098a9a4d0f3e3fdc4ddc264a2c4b7a6ab50533cbe,-0.03175823045586218,0.00995352979590558,old_monoallelic__pr__regime_2626,old_monoallelic__pr__regime_2625
0.5812881421959775,0.5822034560932577,nci,1617eee78f7e042b056f8a0cd5a07e05e480740dbf21d97ac37bb57e1dbfd764,-0.004467277669185754,-0.006652834458365842,old_monoallelic__pr__regime_2625,old_monoallelic__pr__regime_2455
0.5545854881879572,0.5510902929309056,nci,180b5b2bec6d8719e2f1c7ac7b841c23a453a613d445572482371fb25006c421,-0.009272851553828454,-0.010951952193202996,old_monoallelic__pr__regime_2626,old_monoallelic__pr__regime_2280
0.5747171921168748,0.5510902929309056,nci,18d99ea0b7aeeb19cd2480fe524661bc14277230e37ecdfc6909fb2fe402dfb1,-0.0014732427149088956,-0.031272533484944465,old_monoallelic__pr__regime_2460,old_monoallelic__pr__regime_2280
0.5510902929309056,0.5700422855600279,nci,18ed47818d63e5cea9590253e406902bfe3eb2c1ca83fb8c7e1073b88e06970b,-0.020630023170273015,0.011929417750419335,old_monoallelic__pr__regime_2280,old_monoallelic__pr__regime_1050
0.5808811346860947,0.554786523687421,nci,1a0de192c5fef95a1764f6988afa7d63880dc5c893ed434760bc5db33fe14817,-0.0015671838604786048,-0.039888989651467865,old_monoallelic__pr__regime_2630,old_monoallelic__pr__regime_2275
0.5822034560932577,0.5501136912934553,nci,1b2188e4ee76b5da818fe25ee7b35bc2f837893fbf0f1dee64608de566bb4ef5,0.008436773798158548,-0.036700554569941646,old_monoallelic__pr__regime_2455,old_monoallelic__pr__regime_1575
0.5747171921168748,0.5501136912934553,nci,1b8c56c5010c802a7e97028e51b7da27f66cb897731732f33de77c329df3c0fc,-0.007093223470280852,-0.034749953032784164,old_monoallelic__pr__regime_2460,old_monoallelic__pr__regime_1575
0.5822034560932577,0.5846187036801078,nci,1b9b3842bc692475d764131119d56b4646dadfb17543768c2f5706472c10287e,-0.004601955623164344,0.0023471370180577766,old_monoallelic__pr__regime_2455,old_monoallelic__pr__regime_1225
0.5499120243667788,0.5879502716985857,nci,1cacdb0a735b67192a7777da193d673a9c616e4778b62aa3e0bb03293a198dc7,-0.04334218593403161,0.015404832988432426,old_monoallelic__pr__regime_1926,old_monoallelic__pr__regime_1925
0.5497440225852304,0.5747171921168748,nci,1ef955a6cd3a3887c26595d842a511c2856355f8eac46a0d4307352296e2801e,-0.03416519618577124,-0.0008485146788528297,old_monoallelic__pr__regime_2631,old_monoallelic__pr__regime_2460
0.5545854881879572,0.5501136912934553,nci,1f94454bb7fe9c90165d8269e4a37d7a535f1a83cd2768a2b3f3eaa7e8a900cb,-0.00622457661189027,-0.006496727781797107,old_monoallelic__pr__regime_2626,old_monoallelic__pr__regime_1575
0.5510902929309056,0.5501136912934553,nci,1fe0860287b113725a24d019404d5b5197dd27bb76583b0c31bb57500542a208,-0.005619980755371956,-0.003640744052220257,old_monoallelic__pr__regime_2280,old_monoallelic__pr__regime_1575
0.5879502716985857,0.5846187036801078,nci,2100840a74c3fef4749f04d77a70a3a9be3454032e350b9bfc4c2fae50157ab9,-0.0011265627425752212,-0.004695508747303956,old_monoallelic__pr__regime_1925,old_monoallelic__pr__regime_1225
0.5720109959636548,0.5497440225852304,nci,21f8db4da32f2af3251d27404cd0cd8ff5c00944b1ace6ed0b4e3ff90251329f,-0.007439096441361759,-0.043075335592817954,old_monoallelic__pr__regime_2635,old_monoallelic__pr__regime_2631
0.5720109959636548,0.5510902929309056,nci,22bfd926d45b2ec2f70370dd6c85211887796c7b993dac655df983f6246a59f1,-0.008063824477417825,-0.03908109604382104,old_monoallelic__pr__regime_2635,old_monoallelic__pr__regime_2280
0.5814554824806536,0.5501136912934553,nci,24c68b0b9437d44a3f225868542a77d724369fd886b542190233ab9f8172f624,0.014526253798185508,-0.034009202966117424,old_monoallelic__pr__regime_1750,old_monoallelic__pr__regime_1575
0.5497440225852304,0.5692908106779003,nci,24c6cf923ff18eb1b4228712d4b1fd488ec4a97eb2f92d61e4c3d7ad4f7941f0,-0.026292835046936636,0.00250649001131964,old_monoallelic__pr__regime_2631,old_monoallelic__pr__regime_1755
0.5812881421959775,0.5879502716985857,nci,2595cf90c805d3d86491a87f466c721f2018999893ea2ec5fa3c87aba3ac8606,-0.009197572946081811,0.0008522147917283673,old_monoallelic__pr__regime_2625,old_monoallelic__pr__regime_1925
0.5808811346860947,0.5846187036801078,nci,26a4952f3d21d5dae0b736a6a1ae80fdb0a6b2ff298677c8e85c94a14467cf2c,-0.00907880382473858,-0.0051116102728013535,old_monoallelic__pr__regime_2630,old_monoallelic__pr__regime_1225
0.5598665799366508,0.581357594024318,nci,27f146c8226eab2a5e22508474caf4611345fa5f2c06f470cc6b505a86ffc630,-0.025248385616347343,0.004240997196852364,old_monoallelic__pr__regime_525,old_monoallelic__pr__regime_2450
0.5812881421959775,0.5747171921168748,nci,2e03617ee71e935a531dd4e41fc47d630235eaf876e4bfe1ebfebf548f4e631c,-0.006506826783445135,-0.022209775844550528,old_monoallelic__pr__regime_2625,old_monoallelic__pr__regime_2460
0.5822034560932577,0.5520020420228191,nci,2e3551db0f642571e54d8c0c2daf3002928d7daaefafbd4c15c2ff9be16816ec,0.010560899520207915,-0.03460698329457146,old_monoallelic__pr__regime_2455,old_monoallelic__pr__regime_1230
0.5747171921168748,0.5700422855600279,nci,2f4b8c05d72b7db272eace43f8b8e7328e120c6f2c593de5f2c25cb727607abf,-0.013402660465328233,-0.01172228014711918,old_monoallelic__pr__regime_2460,old_monoallelic__pr__regime_1050
0.5812881421959775,0.5739922853846918,nci,2fbd09eaf271b37dfcc2cd39fcb2f810fe93b10e51a4210f540c6b451caed83d,-0.008519156674449774,-0.01945286713162786,old_monoallelic__pr__regime_2625,old_monoallelic__pr__regime_1930
0.5814554824806536,0.5520020420228191,nci,2fbd8b3793548e35f235ab18e0c94ddb649b78f908150cc2df1b319f2de598b3,0.007102467710438792,-0.037962155294486655,old_monoallelic__pr__regime_1750,old_monoallelic__pr__regime_1230
0.554786523687421,0.5879502716985857,nci,30a090d5cdce47bf6ee17fbefebefd3994848aa6afd6dafc98386a249898a20d,-0.039193882902228194,0.011142909044585592,old_monoallelic__pr__regime_2275,old_monoallelic__pr__regime_1925
0.5598665799366508,0.554786523687421,nci,32316e24256291cb34f05291ce2f412b312bdee37023eaa1fa879cd2f3c6831b,-0.006200346997809136,-0.012740272178456746,old_monoallelic__pr__regime_525,old_monoallelic__pr__regime_2275
0.5747171921168748,0.5822034560932577,nci,32a25e7268697b9966373f6208533bcb24f0f4613bac83badd6ad1675810f41d,-0.015717878017574738,-0.003044771012920583,old_monoallelic__pr__regime_2460,old_monoallelic__pr__regime_2455
0.5510902929309056,0.5520020420228191,nci,32fac8b32aaec3056405a8034be8d9a2f06683df66b0694262a04a11713ed701,-0.01118162097180564,-0.01320786814147501,old_monoallelic__pr__regime_2280,old_monoallelic__pr__regime_1230
0.5497440225852304,0.5520020420228191,nci,353e1ca90a3ebe184d37250c9e3de0a8fa659d90f051354839989b3844eb7cc3,-0.015333585307970382,-0.012562335642612998,old_monoallelic__pr__regime_2631,old_monoallelic__pr__regime_1230
0.5520020420228191,0.5846187036801078,nci,362755e5693ad3acf3bb40a8b7bd95227f52a0d91496c6aff6f1e852e501af85,-0.037045093352883085,0.015027900129325368,old_monoallelic__pr__regime_1230,old_monoallelic__pr__regime_1225
0.5510902929309056,0.5692908106779003,nci,3751efcc6e463b9dbfba4906cc0295d8c2839ed7d547be0e46fa4b8b3ec0d4ef,-0.023430201223456903,0.001881761975263574,old_monoallelic__pr__regime_2280,old_monoallelic__pr__regime_1755
0.5497440225852304,0.5510902929309056,nci,38fc8bd78ae269866901991576470832cd0e913de0f1c5b285dbc9954ddd70b1,-0.005280192253034138,0.0006247280360560659,old_monoallelic__pr__regime_2631,old_monoallelic__pr__regime_2280
0.5812881421959775,0.5846187036801078,nci,3ade49563d9f1a1ae517d26be5cde2353cdf9d346ba2c728a81476258562cf75,-0.00892474088975398,-0.002960898910743026,old_monoallelic__pr__regime_2625,old_monoallelic__pr__regime_1225
0.5879502716985857,0.5814554824806536,nci,3c1250625194da9c7ec02b57409d026229db3b29f711ac6ded1f6c6cb65e704d,0.00141556925006725,-0.00875561245744344,old_monoallelic__pr__regime_1925,old_monoallelic__pr__regime_1750
0.5747171921168748,0.5499120243667788,nci,3c4cc10899264d674fbe37dff1768d65b7f1963b0fdd44bfa053419606c111c8,-0.007630213530101182,-0.03696367369973397,old_monoallelic__pr__regime_2460,old_monoallelic__pr__regime_1926
0.554786523687421,0.5499120243667788,nci,3d5556c214731ec71f99144d88171a8a5f81d8cc11f859cce807e0c87739638a,0.002983224906677795,-0.005605122192652079,old_monoallelic__pr__regime_2275,old_monoallelic__pr__regime_1926
0.5545854881879572,0.554786523687421,nci,3e8ef9893e4bae34fd901277b62850f66d3bc7ccd550ea580764c219b1879b28,-0.004790515835941617,-0.0004190176511992272,old_monoallelic__pr__regime_2626,old_monoallelic__pr__regime_2275
0.5497440225852304,0.5700422855600279,nci,3fe5903d20c43028018f333dbc4600bc31dddbdc0b05fa18cc21b351c7927d72,-0.02279869484530028,0.0125541457864754,old_monoallelic__pr__regime_2631,old_monoallelic__pr__regime_1050
0.5497440225852304,0.5846187036801078,nci,4151e1df285ed17b93213261d0d378e5bf3bbb91e3f8501bd260c6693ab5d291,-0.03940473365673925,0.018373418137209385,old_monoallelic__pr__regime_2631,old_monoallelic__pr__regime_1225
0.5739922853846918,0.5520020420228191,nci,42927e3136b78dcd3bd26f7529a047ca0956311c85d661543e0777d34615e347,0.015008589213855394,-0.02337463230684378,old_monoallelic__pr__regime_1930,old_monoallelic__pr__regime_1230
0.554786523687421,0.5692908106779003,nci,4298f9dde4c32a27c30f2bfffb42164814262b690cf832f5f031be0cb9e84b19,-0.02562463205542637,-0.008537132783775547,old_monoallelic__pr__regime_2275,old_monoallelic__pr__regime_1755
0.5598665799366508,0.5499120243667788,nci,42c864dbcaf0985885ce79853e168e4125f4d4472426400fb1a70be053dd7598,-0.001937858149243743,-0.01614515487927065,old_monoallelic__pr__regime_525,old_monoallelic__pr__regime_1926
0.5692908106779003,0.5520020420228191,nci,43e2c47baec84a1b091e41d319712be081f3b5666d0d6ecefb96d8fe6f628071,0.007325217125405542,-0.01944896350817482,old_monoallelic__pr__regime_1755,old_monoallelic__pr__regime_1230
0.581357594024318,0.5692908106779003,nci,47eb869010526833214f818505528b02be612a8eb9d0caf48ba8002f01264839,-0.0066527525059422166,-0.02245710105612153,old_monoallelic__pr__regime_2450,old_monoallelic__pr__regime_1755
0.5822034560932577,0.5739922853846918,nci,4b4db21bc70fe00293115856f0dab79adc15bfc7cc900a1664255a15b2ecf680,-0.005173529540997562,-0.013791618031980256,old_monoallelic__pr__regime_2455,old_monoallelic__pr__regime_1930
0.554786523687421,0.5814554824806536,nci,4d8753afd3dc6d9dcf73a161da8241d98670afe44b4bfad5409c3287b2dd7287,-0.030628277720804287,0.009727339794518342,old_monoallelic__pr__regime_2275,old_monoallelic__pr__regime_1750
0.554786523687421,0.5501136912934553,nci,4d8a103ffbbd884fefd2f8e897e8fc5c37116ec2274c8c470e89b51ffa28a339,-0.0014340607759486534,-0.006105580351519868,old_monoallelic__pr__regime_2275,old_monoallelic__pr__regime_1575
0.5814554824806536,0.5700422855600279,nci,4e20f47f4603d073b0126fbd738b2821a0e133ff265119b57e0d8bb913517ede,0.0028384279290510628,-0.012495604923790428,old_monoallelic__pr__regime_1750,old_monoallelic__pr__regime_1050
0.5497440225852304,0.5812881421959775,nci,5217e0c4ebbe9e29691eb190c9e632db4e3e7738865f3f3e13fb6de78ef6597f,-0.03347248946639991,0.02133431704795241,old_monoallelic__pr__regime_2631,old_monoallelic__pr__regime_2625
0.5598665799366508,0.5501136912934553,nci,541b89acc250dc18403ca1558143a02b5529de60ea19eb248d5a8da4fd919e24,-0.001400868089423413,-0.013937289493777594,old_monoallelic__pr__regime_525,old_monoallelic__pr__regime_1575
0.5808811346860947,0.5692908106779003,nci,55235ffd6c06a905fac94e1b9e910437987ef26a0602b27adf7bedaf6c940606,0.0069699489232969425,-0.014270795500163023,old_monoallelic__pr__regime_2630,old_monoallelic__pr__regime_1755
0.5501136912934553,0.5520020420228191,nci,57ef66a0b0a9de50fb6b84397a428d0d5792b3b0949e2e91024894bf34cc9152,-0.014800221154289583,-0.018797521880891455,old_monoallelic__pr__regime_1575,old_monoallelic__pr__regime_1230
0.5598665799366508,0.5846187036801078,nci,58a854ba97e796cfa087316b64b64e18e1fcd1db72cab57685b3a5105fb55ed5,-0.026775592682982907,0.013529577435204776,old_monoallelic__pr__regime_525,old_monoallelic__pr__regime_1225
0.5720109959636548,0.5812881421959775,nci,5a44bb909e1a80e4a4ac960884012c6210a6ed978b9a725676865a0b0dc3d71b,-0.029217335623916596,-0.01903285437060334,old_monoallelic__pr__regime_2635,old_monoallelic__pr__regime_2625
0.5501136912934553,0.5846187036801078,nci,5a4c2d6d8776b9242b157b9f4323d40ffd684a59a67d5d38243fd22630f76cb6,-0.04017912592988371,0.012128709345781363,old_monoallelic__pr__regime_1575,old_monoallelic__pr__regime_1225
0.5747171921168748,0.5814554824806536,nci,5b314d48da1278db10313d22304ceb024d72bf72ce3f939e59152fbc68aa9986,-0.02165551783489572,-0.006516740253379977,old_monoallelic__pr__regime_2460,old_monoallelic__pr__regime_1750
0.5720109959636548,0.5879502716985857,nci,5c4c253ba3aa21f587bc04c59777b2d66063eeae617bc09d26cd54e2d11e197f,-0.030745221892660934,-0.012451179238866903,old_monoallelic__pr__regime_2635,old_monoallelic__pr__regime_1925
0.5822034560932577,0.554786523687421,nci,5cb9c3d1e98f03e89f48bc4f0e9bcd7e1e69b60b97f39bb7f23e985d3b2bf5b2,0.003637859794491382,-0.034037084040631105,old_monoallelic__pr__regime_2455,old_monoallelic__pr__regime_2275
0.5598665799366508,0.5545854881879572,nci,5e63c08c9391ead0c3935e634c2b9278df65749463c9923f0acda05126b5ff16,-0.006542861897937402,-0.01600914131160705,old_monoallelic__pr__regime_525,old_monoallelic__pr__regime_2626
0.5739922853846918,0.5700422855600279,nci,5fb087f4983675479f0a979f8fa92b9520134c08b28df862a311077c9a7ce3c6,-0.01009836966208344,-0.013048989966977896,old_monoallelic__pr__regime_1930,old_monoallelic__pr__regime_1050
0.5545854881879572,0.5846187036801078,nci,63884c73c8914092e41924cf66498afc82ce522a9eae5c0b538687d9f21ad5b8,-0.04005002894958393,0.006992630885162554,old_monoallelic__pr__regime_2626,old_monoallelic__pr__regime_1225
0.5499120243667788,0.5692908106779003,nci,64066fa622661d3b46d8f39f913269d463bde0bfa99bbab413cf6094f9617f94,-0.029102698482113665,-0.0042752088399287125,old_monoallelic__pr__regime_1926,old_monoallelic__pr__regime_1755
0.5499120243667788,0.5700422855600279,nci,6456e427657cf782819751271426487accf912c3ec03ce82e937ededb626449e,-0.025376235573851047,0.005772446935227049,old_monoallelic__pr__regime_1926,old_monoallelic__pr__regime_1050
0.5510902929309056,0.5499120243667788,nci,6502850557091125b19e7f35b11f9b0b94ea1bffc80517a3b021c7d44464fb0b,-0.006156970815192286,-0.007477473109396338,old_monoallelic__pr__regime_2280,old_monoallelic__pr__regime_1926
0.5739922853846918,0.5692908106779003,nci,6568ca7048ad997ecbeafcad480fe5e6cd61f36a976e8468eb649fdde897c8e9,-0.000050713886927677976,-0.00908906553053518,old_monoallelic__pr__regime_1930,old_monoallelic__pr__regime_1755
0.5598665799366508,0.5700422855600279,nci,66726bc3ebf6556c4406e2779089a7774ec94332a23552ed1c16dd56476a3599,-0.010948289950059475,0.007710305084470792,old_monoallelic__pr__regime_525,old_monoallelic__pr__regime_1050
0.5814554824806536,0.5846187036801078,nci,66f59195edb17ae4c949447683cf4672cc11a5c849a85f950d55c356e3506246,-0.008593655110424536,-0.00239959194592676,old_monoallelic__pr__regime_1750,old_monoallelic__pr__regime_1225
0.5812881421959775,0.5520020420228191,nci,67ede08c7e5f3153190cb8f2df524a12da787b7f47419b7c89f9d60c9b04df52,0.007319662255013709,-0.03828943072679669,old_monoallelic__pr__regime_2625,old_monoallelic__pr__regime_1230
0.5692908106779003,0.5846187036801078,nci,6a0a29c1c33638afe6b46be80ce3af5a4d04ba52d5b13161e38233ae809a766a,-0.01771798264219071,0.007702683003919825,old_monoallelic__pr__regime_1755,old_monoallelic__pr__regime_1225
0.5545854881879572,0.5739922853846918,nci,6d0a8709814c0fff1f5178c7a28ba4cda15eed2ddff261a897ca616f9ec47fa7,-0.037628770577138926,-0.00892501112765487,old_monoallelic__pr__regime_2626,old_monoallelic__pr__regime_1930
0.5808811346860947,0.5499120243667788,nci,6dfda96c6f77531a1f9450d3b8f6e8ca48526c20e2ebcbceecb94524e217f40f,0.00269474008336823,-0.043372866517505326,old_monoallelic__pr__regime_2630,old_monoallelic__pr__regime_1926
0.5692908106779003,0.5501136912934553,nci,6e75b9d49c4f89e63f93a93a6131b37620156f684422aba79af0e039cbbbf001,-0.003738218780108382,-0.02688183674704875,old_monoallelic__pr__regime_1755,old_monoallelic__pr__regime_1575
0.5808811346860947,0.5501136912934553,nci,70810d950e7ddd532260a69eaa3f8dd6af33de7f485ba3aa4a429dc7798b80db,0.0032317301431885603,-0.04110410215867455,old_monoallelic__pr__regime_2630,old_monoallelic__pr__regime_1575
0.581357594024318,0.5520020420228191,nci,708d0226cbe9277ce9eddc1a4b09bd410d57dbfb0fb7ec3fd861661a606b4407,0.0006724646194633255,-0.04079527058571353,old_monoallelic__pr__regime_2450,old_monoallelic__pr__regime_1230
0.5598665799366508,0.5692908106779003,nci,710c43405337bd8b8e575edb8338fd99c16d9aab7873d442b3556a31038584d1,-0.012977464884541157,-0.0023373506906849695,old_monoallelic__pr__regime_525,old_monoallelic__pr__regime_1755
0.5747171921168748,0.5692908106779003,nci,73eeeab1fd6d037a52627f3049c37d601a2ee962d4d01ead31b46780c39a51a7,-0.0033550046901724695,-0.007874525712944891,old_monoallelic__pr__regime_2460,old_monoallelic__pr__regime_1755
0.5598665799366508,0.5879502716985857,nci,7bd6fd98749ae90a7650d873260fd7f94ca14c957b0207ca6872446c244a5803,-0.029775201394212525,0.01734269113767617,old_monoallelic__pr__regime_525,old_monoallelic__pr__regime_1925
0.5598665799366508,0.5808811346860947,nci,7e279a8653b2a1208ccbc8f40c3e1a2ce05fd10bcc8517b8de411334531314ad,-0.02723930833615018,0.004632598232611973,old_monoallelic__pr__regime_525,old_monoallelic__pr__regime_2630
0.581357594024318,0.5814554824806536,nci,7f316e5f1819be7b0afbfe9b276e74f9c8224404d10ec330e6504b500c72905c,-0.006430003090975467,-0.003070292707838429,old_monoallelic__pr__regime_2450,old_monoallelic__pr__regime_1750
0.5720109959636548,0.5822034560932577,nci,841e06cb57e6f698eddcc9712b7b06d01b2261205d76a9fda181eeeb4dc1fe83,-0.023084358108844794,-0.015791617105409134,old_monoallelic__pr__regime_2635,old_monoallelic__pr__regime_2455
0.5812881421959775,0.5692908106779003,nci,8514b2d02b13f924f3a681e8ed01a1ffaea47f256fd3aece4f6456c656806fcc,-5.554870391832889e-6,-0.019858681713779025,old_monoallelic__pr__regime_2625,old_monoallelic__pr__regime_1755
0.5822034560932577,0.5692908106779003,nci,85b39242dd00f4e7e205a69f30603c5ac0482ca472a3d99100ebb5f7ef1e9d02,0.003235682394802375,-0.015184152733019872,old_monoallelic__pr__regime_2455,old_monoallelic__pr__regime_1755
0.5598665799366508,0.5822034560932577,nci,870fabff5777d0f04f25d0a73ea89ec96744961d7e5976dab206a9397102c546,-0.023849115164976675,0.00983764188758196,old_monoallelic__pr__regime_525,old_monoallelic__pr__regime_2455
0.5822034560932577,0.5499120243667788,nci,88710504aec39de2dbc2115789ed7fe5dc1d6f23fc4b193df9ebd8ef1cace9b9,0.007899783738338217,-0.03806857780915929,old_monoallelic__pr__regime_2455,old_monoallelic__pr__regime_1926
0.5499120243667788,0.5520020420228191,nci,89154dfb8ff7cd831a76f3a8c5294f612fae5aa2715ff88735f5db9715e1dfc6,-0.018047087326344968,-0.019334579987186466,old_monoallelic__pr__regime_1926,old_monoallelic__pr__regime_1230
0.581357594024318,0.5510902929309056,nci,894ea6bd20938799a6224deed4b44dd9a15143b6c1069bed12b7e788416a9933,0.010150568437409246,-0.03271657510712511,old_monoallelic__pr__regime_2450,old_monoallelic__pr__regime_2280
0.581357594024318,0.5499120243667788,nci,89f971404a68a30da9a7a674d92656fae817292bcbde1a03736ae0e73eea463c,0.016905648689403252,-0.03345002288795523,old_monoallelic__pr__regime_2450,old_monoallelic__pr__regime_1926
0.5510902929309056,0.554786523687421,nci,8a88614b5a81772c0d810a6e4d420e5887a15bbb750cbcae2789b5b9b13a9ae3,-0.010571265233879634,-0.004482335717886837,old_monoallelic__pr__regime_2280,old_monoallelic__pr__regime_2275
0.554786523687421,0.5520020420228191,nci,8aa0ef9aaab6ec94910c42509360efa7c2b40b0bd19dd7351ad04ebc37aa52af,-0.014971135787950672,-0.023736693579673007,old_monoallelic__pr__regime_2275,old_monoallelic__pr__regime_1230
0.5812881421959775,0.5814554824806536,nci,8d0510e970320ab655429c4861f30eacecdec348f91a787799c809e65f7998af,-0.00044210850895026743,-0.0005633544583388828,old_monoallelic__pr__regime_2625,old_monoallelic__pr__regime_1750
0.554786523687421,0.5739922853846918,nci,8e133b36dd543e75f6909353d48be52b03b5b401788b27392c36fafef625257b,-0.03458905435312626,-0.008587846670703225,old_monoallelic__pr__regime_2275,old_monoallelic__pr__regime_1930
0.5497440225852304,0.5814554824806536,nci,8ff74c38daec1fb4f885cdc990fab68f0c42f71d9ac6294a134e977874185384,-0.03370511515767077,0.02077096258961353,old_monoallelic__pr__regime_2631,old_monoallelic__pr__regime_1750
0.5739922853846918,0.5846187036801078,nci,901e01dd1fb5d02d6d2d86003227374300529850b9e64e39584fc0a539f7f65c,-0.016792128697424635,-0.0007065289318801127,old_monoallelic__pr__regime_1930,old_monoallelic__pr__regime_1225
0.581357594024318,0.554786523687421,nci,90b1f09f0502de68f2c117df4b172c852355f80e5290f27059b331d7d589e881,0.012643724745556415,-0.028554592063752937,old_monoallelic__pr__regime_2450,old_monoallelic__pr__regime_2275
0.5808811346860947,0.5510902929309056,nci,93c827c2973e89f4f6857ec8d78e65e17415468698ca7245657d6e8ec2764f83,0.008851710898560516,-0.037602718311480765,old_monoallelic__pr__regime_2630,old_monoallelic__pr__regime_2280
0.5812881421959775,0.5499120243667788,nci,940d13a0ca6f5173d3c98341e0ed232f6741a9625c84f5622401d37ace389432,0.01455261819670406,-0.034582699295134633,old_monoallelic__pr__regime_2625,old_monoallelic__pr__regime_1926
0.554786523687421,0.5700422855600279,nci,94e09b9ad19093f2989c43d1181491a64f32dc3e6dac36f188dc815df7c33836,-0.02175124669464812,0.0015105229913802145,old_monoallelic__pr__regime_2275,old_monoallelic__pr__regime_1050
0.5808811346860947,0.5545854881879572,nci,96c337c00af4c4c5bed88f7866388573d17aeb0fbf9da7acf92c866a668ae87d,-0.001904348317430249,-0.04272725253528087,old_monoallelic__pr__regime_2630,old_monoallelic__pr__regime_2626
0.5499120243667788,0.5814554824806536,nci,9c090fa1d989a41c881b08fc3bff749a70ba8c98feecbf85106be5d35b0418b7,-0.03494857206609503,0.013989263738365176,old_monoallelic__pr__regime_1926,old_monoallelic__pr__regime_1750
0.5808811346860947,0.5747171921168748,nci,a06cf1fa1866d1642b92b275abba003af1ad07c3e3986e43a17082b7119aea73,0.006238209290944208,-0.010324953613469412,old_monoallelic__pr__regime_2630,old_monoallelic__pr__regime_2460
0.5720109959636548,0.5499120243667788,nci,a07515d87545105257ead21ceb3ff7a709e6e3670be2619747502e4da9b18097,-0.014220795292610113,-0.045864970433330376,old_monoallelic__pr__regime_2635,old_monoallelic__pr__regime_1926
0.5720109959636548,0.5700422855600279,nci,a1f627327ca4a1f1b6b33c1f39cfce3205702b686075df9143f18574244716c5,-0.01999324222783716,-0.02233168783884054,old_monoallelic__pr__regime_2635,old_monoallelic__pr__regime_1050
0.5812881421959775,0.554786523687421,nci,a25bafe12390c8feca927f605c670d750b3f52b39effe7da3117159e22944ace,0.010290694252857224,-0.030227013714849704,old_monoallelic__pr__regime_2625,old_monoallelic__pr__regime_2275
0.5812881421959775,0.5501136912934553,nci,a3e91dd2294ca0f620ca95278a35150a966d6e37695d1ba205c6aefb9cee391b,0.01508960825652439,-0.03369392183524089,old_monoallelic__pr__regime_2625,old_monoallelic__pr__regime_1575
0.554786523687421,0.5846187036801078,nci,a62b6a17dd4612e474050428fc94fd358f8f51196aaf199579256c9955ddb119,-0.03789729174760553,0.007329795342114198,old_monoallelic__pr__regime_2275,old_monoallelic__pr__regime_1225
0.5846187036801078,0.5700422855600279,nci,a64b18a2e68d77781d2c9e1dd41b866c12581cb562adbfb57bf93e3c739a0c97,0.005819272350733984,-0.016628341001245994,old_monoallelic__pr__regime_1225,old_monoallelic__pr__regime_1050
0.5747171921168748,0.5739922853846918,nci,a65c200a9498b779b7d960c0c8f7c7ebc62d227108fe2b6c76af8f19c86bfaaa,-0.0033042908032447915,-0.0007779480638139269,old_monoallelic__pr__regime_2460,old_monoallelic__pr__regime_1930
0.5510902929309056,0.5814554824806536,nci,a78fea64b3d93c77ed24dcd60d30d6607cd1ddf9c8a97e6fe27a4e76d682f1d1,-0.032188083809123746,0.016580571528384713,old_monoallelic__pr__regime_2280,old_monoallelic__pr__regime_1750
0.5739922853846918,0.5499120243667788,nci,a7c2418e2e47deab9edeba6f2a8e95d300c67e457f8aaaa3a6e03a53ac50e18a,-0.0043259227268563905,-0.0379771402302847,old_monoallelic__pr__regime_1930,old_monoallelic__pr__regime_1926
0.5598665799366508,0.5720109959636548,nci,a96a387aafff437d0716c6db4e99e402bcf6ccebe14437338ed4c0a8ea4d33dc,-0.030501086323745624,-0.012282937143366368,old_monoallelic__pr__regime_525,old_monoallelic__pr__regime_2635
0.5812881421959775,0.581357594024318,nci,ab228dd70fae2943c879da728120b2ab69b8c931517b9b0ff2957bb5b538c438,-0.002598556306612876,-0.006647197635550384,old_monoallelic__pr__regime_2625,old_monoallelic__pr__regime_2450
0.5720109959636548,0.5747171921168748,nci,af2697779114b11830188462561898a429ae61abe99e401d52fba5f36c8bb187,-0.0076560052640978205,-0.01274684609248855,old_monoallelic__pr__regime_2635,old_monoallelic__pr__regime_2460
0.5822034560932577,0.5814554824806536,nci,af95d61a735b2f3ca66201e0988a5430a4f5832dd5d2cb410af7f56131157adf,-0.006089480000026959,-0.004073631605416683,old_monoallelic__pr__regime_2455,old_monoallelic__pr__regime_1750
0.5497440225852304,0.5822034560932577,nci,b16d562d8234eb45d01b2456fa2fff2058cc3c87ec24c015dcac5040110d36a4,-0.035982252066584175,0.01468148258958657,old_monoallelic__pr__regime_2631,old_monoallelic__pr__regime_2455
0.5510902929309056,0.5739922853846918,nci,b2f4c3e9a0995fc951392cd1db09f45da912004505357c8829c8e60082925ea7,-0.03193654277710456,0.001831048088335896,old_monoallelic__pr__regime_2280,old_monoallelic__pr__regime_1930
0.581357594024318,0.5501136912934553,nci,b35bb373f85ae8870d00783202221141a6b64d993b33ebbc1476421a1401633a,0.01319884337934743,-0.0331159348028599,old_monoallelic__pr__regime_2450,old_monoallelic__pr__regime_1575
0.5739922853846918,0.5814554824806536,nci,b5954c9f1bcf1dc8422a0781f225614c765e592c73a17d29a17e6f4ff8b0c1c6,-0.018955175439341443,-0.008631961350766687,old_monoallelic__pr__regime_1930,old_monoallelic__pr__regime_1750
0.5808811346860947,0.5812881421959775,nci,b62f7f8b892b4d2b3cfbc340994b0a096e565c0f978863d470a5ccee6e779a1e,-0.01195972289064895,-0.013088372326835518,old_monoallelic__pr__regime_2630,old_monoallelic__pr__regime_2625
0.5720109959636548,0.5692908106779003,nci,b92e1b8f976e1671988dbf4fe954193f719be462ed21d4273676bade962eba94,-0.0099455864526814,-0.01902729950021151,old_monoallelic__pr__regime_2635,old_monoallelic__pr__regime_1755
0.5720109959636548,0.5545854881879572,nci,b9ab6145ef964c21abb2540978dfbe5dd443172d23a07fed8641ae102f55a886,-0.01881988369340859,-0.04645648586076834,old_monoallelic__pr__regime_2635,old_monoallelic__pr__regime_2626
0.5808811346860947,0.5520020420228191,nci,bb1b362575c3b84e6cc8d5fee221d3e41f33bbf1b907a26a8d7581fa2a68f575,0.02013951040212672,-0.0306409387213209,old_monoallelic__pr__regime_2630,old_monoallelic__pr__regime_1230
0.5497440225852304,0.5499120243667788,nci,bc6af51f7b52a2ed032928c88748a2e9ceaf86c1508e3fa52e6c4208ac7621bf,-0.006781698851248352,-0.002872715272437709,old_monoallelic__pr__regime_2631,old_monoallelic__pr__regime_1926
0.5545854881879572,0.5747171921168748,nci,bebf522e24f840249d4e42902221910d0f611cd7e744e5b9ba77cac4d2a7dc23,-0.03622943600097506,-0.01222930193089966,old_monoallelic__pr__regime_2626,old_monoallelic__pr__regime_2460
0.5720109959636548,0.5739922853846918,nci,c07b3604923f7ba5a31e2d20d492ebbb156b6e87c93127c75ac02d6d6dd5b393,-0.009901461290242386,-0.010618087564411571,old_monoallelic__pr__regime_2635,old_monoallelic__pr__regime_1930
0.5499120243667788,0.5501136912934553,nci,c1c0f85ad3ffdbc346ebb1fb35002b2b1476601239cfb1f9ca08842d073ed8eb,-0.004429198167458154,-0.0006129404020306373,old_monoallelic__pr__regime_1926,old_monoallelic__pr__regime_1575
0.5692908106779003,0.5700422855600279,nci,c2340fb6426cb6b115f1198d5d2ece7aeea3b37cc0b04641c9b8fe95e7edbe4f,-0.010047655775155762,-0.0039729147285442745,old_monoallelic__pr__regime_1755,old_monoallelic__pr__regime_1050
0.5747171921168748,0.5879502716985857,nci,c4cc23f15a48551e4bbefbfcf46a5b89f556d9040c686e313be46ec006dafefd,-0.023371078308940585,0.0002956668536216456,old_monoallelic__pr__regime_2460,old_monoallelic__pr__regime_1925
0.5545854881879572,0.5520020420228191,nci,c5c49bafbb1cbdea09697e825e81b1633135144d7130e7e506897cd72f61ce74,-0.01900481925266773,-0.024099909159133626,old_monoallelic__pr__regime_2626,old_monoallelic__pr__regime_1230
0.5720109959636548,0.554786523687421,nci,c71ccbe40378b2f4805de632ef828d0cd99944159e2c1067a68d0758771c9e31,-0.018482719236456942,-0.042737922925843386,old_monoallelic__pr__regime_2635,old_monoallelic__pr__regime_2275
0.5499120243667788,0.5846187036801078,nci,c81a9c5ca714feaee3e8d4bc96f4f4879127de916477d06473422638d9792e2b,-0.041772089061659134,0.011591719285961031,old_monoallelic__pr__regime_1926,old_monoallelic__pr__regime_1225
0.5497440225852304,0.5879502716985857,nci,cb1fa2aa224daa1376bb25cf767872526149f8d351f3a2da48f441731c8bc965,-0.04148751427144404,0.02218653183968078,old_monoallelic__pr__regime_2631,old_monoallelic__pr__regime_1925
0.5879502716985857,0.5700422855600279,nci,cb3d920adea67c3a6d23f16e16587873eb6198797b32dc8a143a730eca488c37,0.009632386053205376,-0.019111641554243382,old_monoallelic__pr__regime_1925,old_monoallelic__pr__regime_1050
0.5747171921168748,0.581357594024318,nci,cbd221cd1acedc86d5a7258c03749ad12f961e6c2b70f07571af07ac7122a937,-0.02464374927705082,-0.012933205913665174,old_monoallelic__pr__regime_2460,old_monoallelic__pr__regime_2450
0.5808811346860947,0.5739922853846918,nci,cc689feb6025e9480575fc0586b25e4d610b114174a6ea2be6a1ff4d15f58db9,0.004405081340921241,-0.008032486184431198,old_monoallelic__pr__regime_2630,old_monoallelic__pr__regime_1930
0.5497440225852304,0.5739922853846918,nci,ccd8d044cc5c88f501abb1b749176f2a1a47eb9619169a5ee7ba5a719bddf400,-0.03511660398059191,0.002455776124391962,old_monoallelic__pr__regime_2631,old_monoallelic__pr__regime_1930
0.5822034560932577,0.5700422855600279,nci,cd030639e34df3518fe697e9578bbd4a8b5046cc10b23a2b12bc0c295ec3ba50,0.0021273368031111684,-0.013382826583001772,old_monoallelic__pr__regime_2455,old_monoallelic__pr__regime_1050
0.5808811346860947,0.5822034560932577,nci,cdbdee542f534b5c5a6000ee713a20ac240ce2f63ade95908b6d41ffd05f9afe,-0.005863293573448725,-0.009578610881918803,old_monoallelic__pr__regime_2630,old_monoallelic__pr__regime_2455
0.5598665799366508,0.5739922853846918,nci,cf1f68a79bfc53d40a0e91b649218beee0bfe460db1e6776d391ec782f452eea,-0.021851311806503623,-0.0023880645776126475,old_monoallelic__pr__regime_525,old_monoallelic__pr__regime_1930
0.5545854881879572,0.5499120243667788,nci,cf7438a3383c1e2c1b9ad859616b382078e32311394af356b8afe2e1d115b0a5,-0.0017953784444321164,-0.0059601659766828075,old_monoallelic__pr__regime_2626,old_monoallelic__pr__regime_1926
0.5720109959636548,0.5501136912934553,nci,cfda16fdb5a4d39f9eafe18e4a40da9bb15638b8e8b368121d59be12c21d4d16,-0.01368380523278978,-0.042702353994925,old_monoallelic__pr__regime_2635,old_monoallelic__pr__regime_1575
0.5739922853846918,0.5501136912934553,nci,d0e26eb0c3a8ef92bab990be3f6d30ba6f54a182a2bf3b7dbc55955602510c37,-0.00378893266703606,-0.03551207653601918,old_monoallelic__pr__regime_1930,old_monoallelic__pr__regime_1575
0.5692908106779003,0.5814554824806536,nci,d2ad470d189b0067c2340776031ec243ae20097df54d0d8ef14250693a7be14e,-0.019411078547790117,-0.00022274941496674971,old_monoallelic__pr__regime_1755,old_monoallelic__pr__regime_1750
0.5497440225852304,0.5545854881879572,nci,d47644811e9fdf0dca4cc6c433618efb10909955970061e846b732d0c1053e98,-0.011670516431742994,-0.003992659300794316,old_monoallelic__pr__regime_2631,old_monoallelic__pr__regime_2626
0.5545854881879572,0.581357594024318,nci,d6446bbd6612d9a297eaf70ea483b86af0def9c9a7de91f1455b0b291c0c7414,-0.02930230383306409,0.012306560288604771,old_monoallelic__pr__regime_2626,old_monoallelic__pr__regime_2450
0.5545854881879572,0.5822034560932577,nci,d7f50f23fbac5607a2cdfdb780bef6192b14dea2e1e43eaf658547ece815c4fe,-0.0359496482438279,0.0033006953375397385,old_monoallelic__pr__regime_2626,old_monoallelic__pr__regime_2455
0.5598665799366508,0.5510902929309056,nci,d85483e2ec54dca133aa5c95faffe60b82667b38ca8902323e23fa34bc5e2781,0.004219112665948543,-0.010603380099022508,old_monoallelic__pr__regime_525,old_monoallelic__pr__regime_2280
0.5822034560932577,0.5510902929309056,nci,d8f296e00a1f8c7769fa9cbd2ee4ea8bdb1932f1193bb840f6ce481f3a6f99fe,0.014056754553530504,-0.034004804589722326,old_monoallelic__pr__regime_2455,old_monoallelic__pr__regime_2280
0.5598665799366508,0.5520020420228191,nci,df6a0b9817219f27eda4755b1d9a1066c5adb6506aff67c877f3d355bc87216a,-0.003568532577389038,-0.017624654413777585,old_monoallelic__pr__regime_525,old_monoallelic__pr__regime_1230
0.5822034560932577,0.5879502716985857,nci,e170a89307e9a0f76b169ddbade2273e9a08a0daa8a2634466cda97d0d0ed150,-0.007665922450756368,0.0033404378665422285,old_monoallelic__pr__regime_2455,old_monoallelic__pr__regime_1925
0.5545854881879572,0.5814554824806536,nci,e275b565f0c0f9b1993d196be6cf249ac6896f316ae5c07b0543aa37d58e5b34,-0.03219383139016613,0.009390175337566696,old_monoallelic__pr__regime_2626,old_monoallelic__pr__regime_1750
0.5545854881879572,0.5879502716985857,nci,e546e71463e1019bca728e0bfad92b73122763a8ac680e67fd50c74081495296,-0.040917362863855056,0.010805744587633948,old_monoallelic__pr__regime_2626,old_monoallelic__pr__regime_1925
0.581357594024318,0.5700422855600279,nci,e6281d1eec816e93d74df50835d204dc433d1213f905763b30fa61c36301fea0,-0.003591575161924404,-0.014515151419281391,old_monoallelic__pr__regime_2450,old_monoallelic__pr__regime_1050
0.5808811346860947,0.5814554824806536,nci,e892f4cbee7476dce46f0d6fac3aa924fd7c9f713475ccdbc867001878feda75,-0.01142242637305757,-0.013076310640084104,old_monoallelic__pr__regime_2630,old_monoallelic__pr__regime_1750
0.5879502716985857,0.5501136912934553,nci,e8ff7aecdfe1f7edff899b83f87a7cf9e3834f2d924f3fd8e0b768942135aebb,0.015941823048252757,-0.0421252341197173,old_monoallelic__pr__regime_1925,old_monoallelic__pr__regime_1575
0.5720109959636548,0.5808811346860947,nci,e9b9e905e028ccf46d1bf3bd515b1b24e496f2db6958979024e8516214fd3d0b,-0.017309127506991984,-0.0062130062234903305,old_monoallelic__pr__regime_2635,old_monoallelic__pr__regime_2630
0.581357594024318,0.5739922853846918,nci,ef8f4aa305f0b4143b592b07683c71678bc728f55d9fcd721576df0920179d1b,-0.015061964441742154,-0.022025303609770064,old_monoallelic__pr__regime_2450,old_monoallelic__pr__regime_1930
0.5747171921168748,0.5846187036801078,nci,f21de1e8cae77c4adac8441d8d7111b17b017a8208e8140d14ffe6414ad56bb5,-0.01925915412882251,0.0014222295961968667,old_monoallelic__pr__regime_2460,old_monoallelic__pr__regime_1225
0.5812881421959775,0.5510902929309056,nci,f3c0ff373ae3371635c1e8640d5084d016913da0feb5b9267b04a56fe774f96c,0.01679776607295963,-0.03200440578810537,old_monoallelic__pr__regime_2625,old_monoallelic__pr__regime_2280
0.5598665799366508,0.5814554824806536,nci,f667ccd4095002fde6dd4bd56d30b1764812a745b4a7123b27b18990f3bdb0aa,-0.023442455340696444,0.010671000287827833,old_monoallelic__pr__regime_525,old_monoallelic__pr__regime_1750
0.5808811346860947,0.581357594024318,nci,f7756723ab0d496182481b19c94c2c39e7341128363fadb6670756260740b25d,-0.014462055558502995,-0.019467045782663395,old_monoallelic__pr__regime_2630,old_monoallelic__pr__regime_2450
0.5598665799366508,0.5497440225852304,nci,f7d98fbe0c7a997c17250aafbcae6081750ec54e69ef9d44d17888a56e33d433,0.004843840702004609,-0.013316418662145058,old_monoallelic__pr__regime_525,old_monoallelic__pr__regime_2631
0.5598665799366508,0.5747171921168748,nci,f9b1683177555c1628dd862ad7e0e413e4de1ace9cc5465ed30f920f559674e1,-0.020851296064504476,-0.005692355380857439,old_monoallelic__pr__regime_525,old_monoallelic__pr__regime_2460
0.5720109959636548,0.5846187036801078,nci,fa9b467e08a18a8f856b9783ee8ccde135550d5e43d0540df87093643c3b838a,-0.026386182461695107,-0.011324616496291684,old_monoallelic__pr__regime_2635,old_monoallelic__pr__regime_1225
0.5520020420228191,0.5700422855600279,nci,fbc18bce53bd6622e6e7d3cb8e3674a51e0188d15ba86537c8f93d54a140f569,-0.026789243839867583,0.0042640397813877295,old_monoallelic__pr__regime_1230,old_monoallelic__pr__regime_1050
0.5510902929309056,0.5879502716985857,nci,fc132cd4fe84a786e9ffea17994ce81b4c84e019b6a930f9fe2703804dc46ea7,-0.03964786826911909,0.021561803803624713,old_monoallelic__pr__regime_2280,old_monoallelic__pr__regime_1925
0.5739922853846918,0.5879502716985857,nci,fc9703bbca89e2903effc121cbaa4c3a9da9f1970afba32fe26ea660bffd06d5,-0.021354135357172233,-0.0018330916744553336,old_monoallelic__pr__regime_1930,old_monoallelic__pr__regime_1925
0.5497440225852304,0.5501136912934553,nci,fcf042ecca6bc9b523f2e5aed6b2b8199f8fd926d6e9bfa0bbb47aa4d436ae8b,-0.006244708791428022,-0.0007771932163938566,old_monoallelic__pr__regime_2631,old_monoallelic__pr__regime_1575
0.5510902929309056,0.5846187036801078,nci,fd5a5eaa26ac1c5a350c26c778055811cfb0c1a0d889f62b9f1772010a5613d5,-0.03721071564377448,0.01774869010115332,old_monoallelic__pr__regime_2280,old_monoallelic__pr__regime_1225
0.5545854881879572,0.5692908106779003,nci,fe2a733cd061561ef8cff655c799bc1f4fd0167217791a5d58838cdf4858299a,-0.028550829470445516,-0.008874297240727191,old_monoallelic__pr__regime_2626,old_monoallelic__pr__regime_1755
0.5720109959636548,0.5814554824806536,nci,fe789c34a83a50d6f1028ec16ca15788670869e0fbd7e457e960eabf5f89e0c3,-0.028695455302498396,-0.01925004891517826,old_monoallelic__pr__regime_2635,old_monoallelic__pr__regime_1750
0.5497440225852304,0.554786523687421,nci,ffae8a21dce37306f836b78cedbe66624fa2f4cae8a313efca7f2b60545e38d4,-0.011281735015752026,0.0003372196341978051,old_monoallelic__pr__regime_2631,old_monoallelic__pr__regime_2275
