endpoint_id,label
pdac.02526ff00ce7913d5e46a73b1908fcba417a725286f686d34ef7616a43d6bf70,0
pdac.043d435fab18ab0663607571cded83fa3fedb7f18cf08337ccfd992e13a908d5,0
pdac.04bb5719ad19c5e17e37f696df2388a57067fd69f7ac215cc3837be95302abf5,1
pdac.054d7893a10c38a5509acb681e77504fe3009c307ddfb869c976c200a0c3b793,1
pdac.076594af48300bc1dde37a255ef0df93fd3839702e75c13a6bfcf8ca8b082cee,1
pdac.096519334e5a25772e08825ec3231dd0dcd769334fc61db3df846c9ea00863c0,0
pdac.0adeb4ed1da7f796ec306c6d29a44f1211598d012a8de5d546d57b0e4e1753ff,0
pdac.133402df608bd3b31be59fe1dc9a322c75e0fbf5a35342361c09d838c830c494,0
pdac.162eb74d1e59c2ab6abf238bf941550d55ba74aad47a1c403208edc49640549d,0
pdac.165f0d5575dd788688c3dde762f3c6e7afc7e28ac6a26dbb1c6d6e4e49d9554c,0
pdac.16b3a359acc4b22f8ac570af8c3a5a3e81433f48ad36edf8a2d815ae14220757,0
pdac.16fadfdf13061705e17cb1fb1d8e2e1576e0471d8214c843256e1eacb22aa3e7,0
pdac.179c3f1125e6ba3067c76ec44c01077987962c1f0b6f0133051e91de89f49e54,0
pdac.1877b0dee8892e81420c2e70e1550de39bf7e7d193b2659b6ef6720582dc9358,0
pdac.18f154bb8e180df9f3fc17ae67f2f9a724414d2dbe4ad1494929bfc852ea2f35,0
pdac.1b2d057748c599042dde851bc1745b117a462d66f81a402feffb7064c7bd60e4,0
pdac.24aa0f27dfd195b62cb9bd876a0ee6262827a6c15627cc0d0f1d50eeafa6b720,0
pdac.24b8a24aeb6d98af506b0b12920242812f5e79e30cef5d068a2e661522a95a82,0
pdac.252fdced64e6d5e8a785fec6915a1f7f4e351d2ed5a577b461e61293c9b860d4,0
pdac.25fe299b43a8fa1e9497003ed61b13fd6b904ac756a00dcaf6057b080e9be611,0
pdac.264e8c1796c30faf450dc04c448542ca27b0cc5994c170153ac8efaa0dd4a1b3,0
pdac.27218b74e0934e6bd6389ac32eddc7ab85327bec201a814848adff3ab20f9d2e,0
pdac.27594feac8648de107f3b0293e666c14cb397843a878c10e4c146b7e13b6744a,0
pdac.28277ae2e765ae3538834d762c6272db8cc700507f73665fb09e959c7d5b286f,0
pdac.284a3118a874b2474687541b6ffb63774185c6df1ae0431a0356d23309a008a1,1
pdac.29978afff8304eaf78b47215c5d4907181ea739e4584f201b0348a015532d0ce,0
pdac.2b00228b3f8af8181973e9be2f224d7d14327dbdb7486c2e0411e7b2c9856d49,0
pdac.2b0fee8a3e2a842875a3e6099a4f4d477dae44637ea10d12c3f49c9cb02359ee,0
pdac.2bf67023059af2135fe4444e0b8b96e4daaeae0fb51f4a562a5553fa731620d9,0
pdac.2cb400fd9d05db31218d6842dedaaa234ee697db84bb6c7346fdcd8c3ab9cd16,0
pdac.2cd9a0b70388149c46c546a2b3afd02692abe686a0665015ba2048df7f005ff6,0
pdac.2cfce31fc34bc6a765b001019c497ae8419584c5d2295f9ecc36aec225088139,0
pdac.2d00147f7452ccd89699c8813ba9bd94f9014312b530b0bbe405335134bbc46f,0
pdac.2d0635a5cfa725ae5d5bfd02a599c657321a8febbdd5f67423d573c25a33e737,0
pdac.2d87f214b025fbfe9711d8c0dbc826947a556e64500e9d60481f37fb917bfe46,0
pdac.2dea592d1612fe5af93000c94be57258e2efcc3c418115abd075714be05dfc3b,0
pdac.2ee3b0baf6e555d94c6f7f463efc407dabc56079963a49ea26b2796ea77f8e60,0
pdac.2fdfa0fc51b8a91512ef15c7bd83f62590f6efe65e55e8941597c634358e83c9,0
pdac.30a46328c3e67022ef389cd616bd9a653c363d2146fe2fa3b096168d735a3ba7,0
pdac.310d82f869702400acfd47fcca966f5c19ab4dc93279952e53216439736bf2e7,1
pdac.32445f80521cd448ead111e8863dc2ecc3c88bad87b6bce1d3c03b582dd31a48,0
pdac.331ab281b6c4b9562371d4b77a7fe077dff6095d6adb87be723532e00f3dcfc0,0
pdac.33d55d513560d3a4d2a0a2e33473316271877656187181cdba6e09f652728359,1
pdac.34aa8ed455f3e5e68ade18e0bc6051d56e9de8fbe213a5592331f3daf21928ba,0
pdac.3554937c5dfbc16653dea671320f9deeb86e506fa11f7bda14865426783a748f,0
pdac.3668add4253b2a2f4df4b2d1fefa5056d10dc7780c4d5659c6dbdd7256d3969c,0
pdac.3976a8b759ba47b2d8345696006198343a079dac7efb2bffb40ab065a5e620f1,1
pdac.3bbd0b74289860bebb43c2b42c04fa31c6b6e4c38cbab706ee0586adc016b241,0
pdac.3c62a68d3f1f71c7908d2f4630f5373ad9da4bfeb192be7fde348d2214ee360a,1
pdac.3cdeec0df917b416e1d817be1681c380e4d34a4ec8035cf79530f5e81daa658c,1
pdac.3d10b14dc2dfbc2e6372e46b2cf781170d5eeefa945175e6d257bae958452428,0
pdac.3de8ef8ae466b90caf01d389fbebbd24c9b94a9d5627bdc47ebc3e2444c687bb,0
pdac.3e7b60594d00801da9b1525467fd57aff6458bc5a93eaf7a53cfec0c4381ab16,0
pdac.3eba81df173d3a47cd9abb1d4cb966d26b1156f09ed6d0f2c047928a8c3b58a5,0
pdac.418d86644254cb8e9ead39f23fbccba1e47a792738737260c5e3b8f43bb70e3a,0
pdac.41948ef81b29c2e9a1e1dbec45cbd0fd716d2f677c0d5c019aa7bee7454f0154,0
pdac.42ae4444df49d21f04e742a64847a457668b4c54a598fd5380099d724bd9099f,1
pdac.43eff9c9b94de17893f4e9038606c566e5f7049fbd2440cc0b343e3c5f39d5b1,0
pdac.459de03dc16cea8d8e740014fa1d9fa7d74ec3328ea780fe31024a19251687c8,0
pdac.45a67f8d9f62cd8c87a5bfb2af784ad7413e95ddc5904210d4728dd04d24b1ae,0
pdac.471cea0afadf40ad9bb08c51cfe53b579b763fb4891b0bcde837c05b30b236dd,1
pdac.479edba51883161758b5e95658d4281ad002742540d55683297c796f743e26c8,0
pdac.48657f7ed006811c6e16d49df92f38505bea87ac8a995cdf4d0f86940b73e607,0
pdac.49275a01f654d604b98c9fddc28055353c4f11a4e9090bfad336178de048fc41,0
pdac.49585ebe453874d6da5b9be7acbb07caaca4c72bb87e5e9b2e0b05d376cbe2ed,0
pdac.4990f32d2d919910e0463579eaf33dc77ff0a2ea5ea4b4e454618ec0cb785e7f,0
pdac.4ab88e85d7f918ff3c77ef690cc8c4d7b578202fa3c16a746474beb998aab158,0
pdac.4d9526f57bd7be35701d1a18f29f084b52b3c72faad65d9ce9f712e92653543a,0
pdac.4dd4666a58df40ae7a743bd9ec85002262e1b8804545d20e5969b19454cd2efd,0
pdac.4dd73a8d75764a36b173839b707185f604f161503af59c67eb33341369899650,0
pdac.4dfd81c4d5df501d5c3897828dc6b0238432993e2e59b6569d4a130242692041,0
pdac.4f823c9155bff962b7542406f6c9f979ee2d43f8de293734896416181896532d,0
pdac.5084844def6c367e7d245d3b2ea118a148628af2c3b494634f40f28ded641b41,0
pdac.5232fc4ce7c13d293a6955864090fbae72a06a164b2003279803b54ee01d9b58,0
pdac.53a7bda44e9cd1a870dfac8596d6b671e14876f2eaa36cb5a3c5a2a83e5e8f96,0
pdac.549b2eee8430b59a2d261826e5c9fe8d140da5eb55eae71567b26de9466c6e69,0
pdac.55824e9856f635c19bd7ef8aa2c09db3dfb55071807bfe701d3d79fc923b2cbd,0
pdac.55e20eba027d218581d6d6565db5d43eb449d169ff91a54b334405982b3fe486,0
pdac.58352b27f6462865bc5f04fb36bb20cdd83580d37505ab7ff4c4eb21ac1bd991,0
pdac.593b826cde836b139d7e3d92f3abebfd6c59eb038e1a52830901051ad0fe2af7,0
pdac.5a7001d71ced3a00d0de43f5a15c3bad82832a822f40c893a1996dfae37df414,1
pdac.5c98f9f84cbff4e1c58a35026e27086b03d0d54844b47969239971081a10df93,0
pdac.5d15b8d201f34ad546b6b7ef4230fd3323350b7d8eaaacd885b4c3a84bf4e7e3,1
pdac.60f5f5551d9d39cc37a37a624f54543d6a54c53d50c19a9f8a862fd95fbb706c,0
pdac.617ea03b5bf371b581602e2d791b0b0b5536e8d2ce5b12227d8f6efcc5f7ec6d,0
pdac.628078fab006255a2eb163aa7420ae7325bbae59cee9b886484e043b34075265,0
pdac.66d475772f20b9b96304dcd65c028a16ff42e098544a7a2b857325e6a4008fcf,0
pdac.67cce11af8007e7c91f4dd0201f62e5b74dcc6d39dbc4060b4dec5dbe7109996,0
pdac.687f0e0f02f5f116c821004bdcddce39d0726dd1493b5eb44e906c976f042ddb,0
pdac.6bf798d089e25c1c39905be4ea8006b203d1a66e81b9807d937055e1889ef799,0
pdac.6c465b08b9004a70ad76f6f42997675cd04f754890a810a7c2529292992a8c79,0
pdac.6d6ec37c242b1be988d63aad2b4f40d3d53cfccdcfbbd4d7012bd08806bc5313,0
pdac.6e76f9649d713a23e4d01b62f28d8d7fcae67a0307e985d629de0b29484b4a6d,0
pdac.6e84941a947a64ac84085495dc6bdc385cbd40ffc58360fd3eed4d88aafe9880,0
pdac.6fcf37b8eff45f51157e2214f44c0afd6515e413dda16679d8413b5257ac2405,0
pdac.6ffa99a65c84b1088ff2565a370cd6278dcb2c0e69a37221af1192790b3b5e66,0
pdac.721b941206e56e84a0919ff956f2cf2a4c05a05f02e1404248ae9628376ba379,0
pdac.72bbd452ed7f204187777dcf8fb150e53c7dbeae32e3699475d01f179b1114c8,0
pdac.7345f8c7dc89854f3307344fc405d68108735641c81a8b6c4b68224d5602cb78,0
pdac.7356028f0d7a06a6c912febf441abd04c023f419cc19cbd54f4daa1b1d24ef7f,0
pdac.73df68f82f52910de8b01ebfe7842b873a094792bdcd43f1b3dd636d592efafc,0
pdac.74ce69bff8d17cc0f8829ce52e37dcc0058275a8061ee8356ac353797b201b56,0
pdac.74ee47496d69f4081390f7a0ab460b408539fbabf9e8e21db50a98726add0316,0
pdac.759fcac6f2c2d5a3e85fcd0328fa00057d9febcba896204d2b2e4949b4d2a15a,0
pdac.75bcb181b4f2a515c0758cf202f05fb24e8c7d1f95d47a9a2b4cab0e2f6b7a5f,0
pdac.76192c33dd02ab0443ce972d2712a7936c7529777bf0465f6c4f128bd2161c56,0
pdac.762de6fa5e93920687ef5f26c9c4d032586f5f0e9e37db571cf17ccc4e54962a,0
pdac.7d8096443b0bafc320360b1ed49a6c092a08feeefdfbb48cb9e4584a6b58714b,0
pdac.7decabff6d7a54fbce2bff7f23aa2082d11fd459ab6f9f8438295e5fbabfdcc7,0
pdac.7e98124ff495d361ad2b5b9af84ea85dc598461970a55f139ef311f86f44bfb0,0
pdac.7ed030aadbe23cd6c44869f54cd5b85bf65f77878311998d59c25cd032ca7b4e,1
pdac.7f3cb82cc41988c2d6d360645ed0e881a2e7a9c51a68490a2efd760524245365,0
pdac.7f77e76b4c9dd103e33b16b120a64a1d0a446df39a12c6294057161bd3f02f65,0
pdac.83f2d92c94ce21a352b38b1cd7edecbda12dc0cdd890f7b6321a9769a6feedc3,0
pdac.85c36a035e609f8eded25542b8441ecb28fcb348513ca2142e33662af200ec81,0
pdac.8b5b183554faeba4aef48db5d679d93b7a445cfb34a3d1e24be04f9b066b18d8,0
pdac.8b60c481a94047662b09a4928c1846b5f9aef06fe283100469ee59e43e308d08,0
pdac.8c2d9eb467d3d49b9aae337c018c7bff2c169ad58e9dcaf7ad138b3a1d37c2e1,0
pdac.8d845c0381f88a6563e8bd9344b5463731fc016524b852184cf194cc2dcdf367,0
pdac.8db3399404d961555464c95439b25c8b76cbe04671182579e245aaaaad66b3bc,0
pdac.8dff71c8dfb3212d798bff5e81eeac66a5535b0aa6877ae0e3785e61b562f0a9,0
pdac.90a1713192200a1dcd25fd01f7a5218b22e1b68a4e7c99292bdb285992bc3c88,0
pdac.911bb1043c8e68010d9dffdcc0f5f61ac56898060ed868256da258864f853a48,0
pdac.91e2b3043c84478e106f3ebeb3fb9679cd4699f0b51038406d63b2ef6eb5e7f3,0
pdac.923920cfd303f026516e61bbddd01eb7d39d6b7287bdb70e6537755e5055d8b2,0
pdac.93759db95862e494cbb230910d31eded7d8aced273af00a1584a54a90c50685e,0
pdac.98bee05530f247f34f74f2f374b644573e1194759f603dfa167946c42584bc7d,0
pdac.991e2e08ce3a9b754930fead1abe83576a5ada57e5222082c9981182a0a71ee9,0
pdac.9b37ec58c54544ec51547c037e145283ccd3c1b78b088bc44f5a05e92d001b3c,0
pdac.9d779dab9c3d5329c48d17596346d7b80a46905fcbec7c9b0c8d12a872cf258c,0
pdac.9e7bcbfac09cc4a8030215ea00229e011d0da56747f8944c551b3b6ded533d9c,0
pdac.9f6a4401a133c568cdcb87425a73497fdf4871e3a9b30b12aedc3fe16fa6a719,0
pdac.9fc83182c7fbb8cc05f6223f13f9d796b226424fc11d6a2566c3759dfe8cf0c7,0
pdac.a0a13af13aa7cd043a97dadb65c95e6423bd1961454a7366cde580229e04d9bc,0
pdac.a14316713fea58c6f6f29a7157afdf38282b24e17dfb013e28575b00a905c15b,0
pdac.a17efe7f2920d31824cc1af3a053044fefb91756d6a839a89e07a3957e4a666c,0
pdac.a246c4c707c88164a196925eb8410260849a3d92ad6560171cb6e023a971b696,1
pdac.a29c1816c7ba572fc8b9df90475e753c641a7a82cfa4af2c7bd8cd0ffe5748dc,0
pdac.a3a867a0238a1ad0b98a0812fff4fb9a190afea7539d8f309377822431aba464,0
pdac.a5137d68fba08ee49a4db878ef9b1f1f70bc6b35c0444c9da2bbbbe61696ef6b,0
pdac.a5419e9ef7a11bb4bdb0c3cfe1ace75c7b5a1f02dae6bb73afd022d829863834,0
pdac.a5cb1ff31c34ce319fbdeedc56cbfc9d58f6361554c25b31dc1538db0ca5ae39,0
pdac.a69c3f93765ae9933011d8b968223255ccc235b1ec0403ad42c04f5b5aab4b78,0
pdac.a6aa70a9f1ee7e710020b22ff6460a55427f75a10e95ae78a6663495f2cd3999,0
pdac.ab9f564273f2f93170628f7b5fdf9f4da9e9a0419b18e9d3f6ccb9464de28698,0
pdac.ac0b600e97047712247f15ccc32a821fdb6fbf47f7ed78a950b575b1d034fff6,0
pdac.acc368f2b8da7821695ca21bc0520dfce8982f1635cd772cb76c8c2656a5482e,0
pdac.adbd88f43cb0fee096ce4a08d2cd48e61c5e39a47df55f30b673f76015289313,0
pdac.af5ccfa4bae153fdf7bc12e4ad887d506696f371ecd7a5b252bdbe6445b4428e,0
pdac.af7de7b5f7162b3ee417281e38954eb440b4e18c94c233d4fa6b8dff9ebd26c6,0
pdac.af91bab1042745b4226304a0d49b9dbd0c9f69a92fc17cd5c3d3bf18893f1c7f,0
pdac.afa32c9f16c89a335394c4d54af505c137df1b720fed4019dd7b4003991be170,0
pdac.b02ae258e9051c1a4101afdbe3ddcb046343c84eea8c51e13b967e71f0804779,0
pdac.b0b1dcfb4442e5d72bce471466b549803c6d13c5dd5edadf324904c30c58a52f,0
pdac.b1fae19137385bd05af392ad249d9a33d92e5bdaacc8b24cc9fedc7915263116,0
pdac.b32fb0a808898fb03ab000950bbf62d5c75680d3f42624b985293e75fb9e9460,0
pdac.b3c6da0097d17f97c15e0998990a8f04105360c1253639903137bbc1c8102f3a,0
pdac.b3fb202bd41a2a434757f96a74bb3f8a403a099f99c7e0ad7abe4b0d9e10874b,0
pdac.b4d16d1f96487e4d67a9ac27db066e606ae99dc56b7847c6f55c417158b767e5,0
pdac.b5b002fb222ce76efc9ae1ba79920fb9ab40eaee03bdafecd65ab4b1527e9040,0
pdac.b672e5bc3f0b20ae3f8db87646a0fcc5a8e9e9d1fcbe86ebd8154729a88b9e87,0
pdac.b6bd86ca77c61362ef3cca9a8020184b4ccf01b37ade4fa49a0b4f37377b4107,0
pdac.b91507ca1d44be225b381eca8bad64d5f2441a8aeb98b417baa4cd7cdbb4e264,1
pdac.ba60c23f496aa520c9369e56e9ad7cb89a2e49b5c54f64bdead27a9837e97cfd,1
pdac.ba8e52946924dd9f0a204fd8c0e33373a68b4539e7d7b44891fcbff40a7e4a3a,0
pdac.bd3f626a0324142f7410ac61040fa11810275741e5f315a2429d05a5ec43ff9a,0
pdac.c206d4ea5e4ccc525df2bff4ba1b2bcf0874a4ed02da44d0e66bd2690ba2f3c1,0
pdac.c28de01257779876214d850cf0ebefb6c14a3ab1d8b22324495698213f55db92,0
pdac.c3e2c24d1a42abf24343c0fb786088f8514a0b6bbc90b5c9c191d488955e2ff9,1
pdac.c3e392b73072999d4df66c741e2eb10e75f73ff262fcd58c57cb87d2f0bd0069,0
pdac.c447d0704d341a7bb73e37da84c3da7a211065d2ab984a1e82006a4f1ecea07b,1
pdac.c54e781f8f4f0a183c65a6ac8acda3a9db8aab4e996e337d681b0eaadf4e17f8,0
pdac.c6ad4a9e7b3ecb72197aaaa950d604a1dba0f8f3058dc31ba62c16242efaed2a,0
pdac.c75ad7b1858550227b107fd55bda1f2da1068ee58b30ea83d4bc34252db8ef95,0
pdac.ce33d1fe5f894a7e78479a178311391738280d30da5a1ab7ba60f0bcd80ce99e,0
pdac.ce4af8f1a2aa7960447bd3c4fea4740dd58a1c46f627a1dd7ff3ca731adce1ed,0
pdac.ce8673feaac156cf0af0decc0ac8787e47e5274ff65f0ba0cf24ee6ba1e35c26,0
pdac.cff00c9edd6ff1b643a16b911fb842482216fda37ba00d5570ccff36c77f9b5b,0
pdac.d03a4e28c38bb6d90c15f60c73759059969c03a8fd15979c986cb93de018e6ea,0
pdac.d07def8a4fa0912c958313a7cb3be7da9b8cd74cce87bb85ba511eb47c22cc0b,1
pdac.d135322dce63dd6f859f4d3e1a489615974ba3a0b9bc68143b707a09577cdab8,0
pdac.d16043fb89bf4128316d8ad14f39a3778220c240ddc07762a8670b0fa8e7f9d7,0
pdac.d3f24b198fa2a34dd906f2b53d2fc8ad517a8a3e3530812d26325a7df6ddd559,0
pdac.d493eb2bf0244500b9f846c4f95ed269b7803481862af70f23187888ddf36720,1
pdac.d66b216c56e88016d492434f911f75ca8231ae5e2f72647acb0ce719e6bbc705,0
pdac.d9550f7e7926057cc500e95785984b456fbc8f1eba5db3b2178f722fc47aefd5,0
pdac.d9bf059fcc5f0531aea48cf896707caf102132bd1170155bb0fc068033bd4b83,0
pdac.da3d5f2ad8e138add91b10ff3f6c4da34cc406cfa6b8c1aabb4155fadfd42ed0,1
pdac.dc35a17afb2a6800fc091e70888a215ca57f20743bc2613afb9c972651be3697,0
pdac.dc690b750a880e149d84342fdd98d74403f5291f884527e304f67572a61c267c,0
pdac.dd03b1c5c91672dca6dc0fbe71d8cc0ab14b32ddea9e9eb62c43e45be738eccc,0
pdac.df7486a2985c1e9c2c3adb3a09915384cf2087e92c968096d2c1a5c34f18751a,0
pdac.e1a8ef1efe9d201a3821665de4a10536dbf1a07c8b9756e6ca290f9e49c95dcb,1
pdac.e22972426e6e08a29a809de493b2a00616d68940c3d032a5a558a4d939dd10e1,0
pdac.e3c12099e70e0f07c44070fc60fda300f9b6a171f1b722c386294e3b1e7b97d3,0
pdac.e4d000de5abf9bfcd37d145940d8c54670c34302c4487341bae0d37d14e5486f,0
pdac.e61b2b795cd8eba323a9363d4c2bd65ec631062a037177c994de6572ae4b6f9f,0
pdac.e6b495321913d2573fee998f31f81b02a69fcc3e79da6708de20004883ad9a1b,0
pdac.e6fd271ab8523635b21be60b25fb7f56a2a2728579ca21676101f0bc65a8b775,0
pdac.e7a233b798c7efd42dd7f54c7cb7026d3e3ea41046c28198886f0e189d3b25c4,0
pdac.e8f6120b0b65af2517f111e409e9ec1a0b3f1aeb97b317c77465e2a91ef661d1,0
pdac.eb2248a931423489394138ce70e229754dbbf2322bf119b64cc8ae6bc6301c65,0
pdac.eb27fc2d9028d2e035a9dadd2bcff41e6e90baaa2447f0b6b19aa13ffe1f951c,0
pdac.eda097e9f6f834386c5e83cefd01ac29433509097c03873a36e752799bd8edde,0
pdac.f089fccc3d2e31f34b24dd18e9551e78e1f50d6641f838aafb1b92cd905eaacc,0
pdac.f28815e377d0eb15a1022335198ceac51f31fef59a2022153138fa6decc62624,0
pdac.f2a81374fd89cfcff764e48d51336e38d66f044f15a0d5c726248be86272a44d,0
pdac.f37807e1bdcb2bfe9c119c3b10a217c3259d8b823bfa338e2a974da6b2ffbe76,0
pdac.f407814d0bd99642dc9d232ad3cc9ba47c4e21d191a0acf3c44532d9a4b0f27e,0
pdac.f41b8fcb9716b0ba38ac3a6959c5bc6b164a44ed637f46ded65a9fb345fcc56a,0
pdac.f43600c8796c1683b9a667221e038469f1fbd6bd09f37e9ea12298ba524c35c1,0
pdac.f55afb342ae8420a4a07a38816d2c4f9ae862ce833b89e408724c627fb01ed06,0
pdac.f56fd5a95ae7c735d77d7a929ba0e49c868c70dffc357627d41fdf28a28443d2,0
pdac.f5a83d7ecadb6a105b74c89c772cdb7185b475edc9182c5c3d842e0f56c89307,0
pdac.f5c1f8a61833c45cbdd46a2df6920d935ae0039b89e13874cf59a4a7a20e72b4,0
pdac.f68c16f57e645e8ec5711863c8e286fd34414eb6d87ba4009433fc7fd22332ea,0
pdac.f6b819e790f1722d0683e39a3ac31eed8138244daf21fdf7ca1b0edb8413d47c,0
pdac.f8dab22f8a6a319667f34c5633dbb6f21f1bca3ee3b9d1dc41c02e15883a1304,0
pdac.fa7111c7b218e6369599768f23b82925bd59f45e3bdebcee8586a90f0a5cedfa,0
pdac.fb706443d0925189d861db1fb67032cb65de54172d0e056ea7b6059bf1204b51,0
pdac.ff439a7975b25343a8501e8a83fc48c9524b6e0b57b9d68381bbcfb48a201743,0
